Age,Salary, Experience
32,90000,5
28,65000,3
45,150000,15
36,60000,7
52,200000,20
29,55000,2
42,120000,12
31,80000,4
26,45000,1
38,110000,10
29,75000,3
48,140000,18
35,65000,6
40,130000,14
27,40000,2
44,125000,16
33,90000,7
39,115000,12
25,35000,0
51,180000,22
34,80000,5
47,190000,19
30,50000,2
36,60000,9
41,140000,13
28,45000,3
37,110000,11
24,40000,1
43,140000,15
33,90000,6
50,250000,25
31,55000,4
29,75000,3
39,65000,10
46,170000,20
27,45000,2
35,60000,7
42,115000,14
26,40000,1
49,160000,21
34,80000,5
48,190000,18
30,60000,3
36,45000,8
41,130000,13
28,40000,2
32,75000,5
45,180000,16
38,120000,11
25,35000,0
51,130000,22
33,85000,7
40,60000,12
47,200000,19
29,50000,3
36,95000,9
27,65000,2
43,140000,17
30,55000,4
35,105000,7
51,170000,23
29,50000,3
40,80000,12
47,180000,21
26,35000,1
38,90000,10
46,120000,19
31,45000,5
34,90000,8
49,150000,18
33,65000,6
39,70000,11
45,190000,16
28,40000,2
42,120000,14
37,95000,10
50,160000,22
32,100000,6
48,180000,20
30,55000,3
36,70000,8
41,80000,13
25,30000,0
52,250000,24
29,40000,2
34,95000,10
27,45000,2
40,80000,15
46,135000,21
31,55000,6
36,120000,11
29,40000,3
43,105000,18
52,170000,25
33,75000,7
39,65000,12
47,160000,22
26,35000,1
38,90000,10
45,110000,20
31,45000,5
35,95000,8
49,150000,19
33,50000,5
39,80000,13
44,220000,16
30,50000,3
36,60000,7
41,100000,14
28,40000,2
42,110000,15
37,95000,9
50,130000,22
32,90000,6
23,35000,0.5
31,95000,6
40,65000,15
48,170000,20
29,45000,3
35,120000,10
42,100000,17
53,180000,25
33,50000,5
38,80000,11
44,140000,16
26,40000,2
37,95000,9
45,110000,18
32,50000,4
34,105000,8
50,160000,21
29,45000,3
40,100000,12
47,160000,22
27,35000,1
39,55000,10
46,140000,19
30,50000,4
36,60000,7
43,120000,14
28,40000,2
41,110000,13
33,50000,5
47,135000,20
25,40000,1.5
34,90000,8
42,150000,16
31,60000,4
38,80000,10
45,175000,19
29,45000,3
36,120000,11
43,140000,18
26,35000,2
37,95000,9
44,110000,14
32,50000,5
33,115000,7
51,185000,23
28,40000,2
39,90000,12
48,175000,21
30,45000,3
35,80000,7
41,120000,13
27,35000,1.5
40,110000,14
46,150000,18
31,50000,4
34,105000,9
50,180000,20
29,40000,2
,,
43,140000,16
26,45000,1.5
35,85000,7
42,140000,18
31,50000,4
38,80000,10
46,170000,20
29,40000,2
37,105000,9
44,145000,15
27,40000,2
36,85000,8
43,130000,14
33,95000,6
34,100000,9
50,180000,22
28,35000,1.5
39,95000,12
47,170000,19
30,45000,3
34,95000,7
40,120000,13
28,40000,2
41,90000,11
45,155000,17
32,55000,5
35,110000,9
49,180000,21
30,45000,3
44,130000,16
27,45000,1.5
36,90000,7
41,160000,17
31,50000,4
39,120000,10
47,170000,20
30,40000,2
38,110000,9
45,150000,15
28,40000,2
35,85000,8
44,130000,14
34,100000,6
35,95000,9
50,180000,22
29,35000,1.5
40,100000,12
48,170000,19
31,45000,3
33,100000,7
42,140000,13
28,40000,2
40,105000,11
46,160000,18
33,70000,5
37,120000,9
51,190000,21
30,45000,3
43,120000,15
27,50000,1.5
35,85000,8
42,140000,13
32,45000,3
37,100000,9
45,140000,16
33,70000,5
39,120000,10
44,160000,18
29,40000,1.5
38,120000,10
46,150000,19
34,70000,6
36,95000,8
49,180000,21
31,50000,3
41,95000,11
47,170000,20
30,40000,2
38,110000,9
45,150000,15
28,40000,2
35,85000,8
44,130000,14
34,100000,6
35,95000,9
50,180000,22
29,350,1.5
,,
37,120000,10
46,160000,18
31,50000,3
42,110000,12
29,40000,1.5
36,95000,8
44,140000,15
33,60000,4
39,110000,9
45,150000,16
32,60000,4
37,90000,8
47,180000,20
30,40000,2
38,120000,9
46,160000,17
34,70000,5
36,95000,8
49,180000,21
31,50000,3
41,95000,11
47,170000,19
29,35000,1.5
35,100000,9
44,150000,15
33,60000,4
35,85000,8
44,130000,13
32,65000,4
38,110000,10
49,180000,21
29,40000,2
35,90000,7
45,140000,14
33,60000,4
40,130000,12
44,160000,16
30,40000,2
37,100000,9
48,180000,20
31,55000,3
38,120000,9
45,150000,16
33,70000,5
36,95000,8
49,180000,21
31,50000,3
42,120000,12
47,170000,19
29,35000,1.5
35,100000,9
44,150000,15
33,60000,4
35,85000,8
44,130000,13
34,80000,6
36,95000,8
30,40000,2
37,120000,10
45,160000,16
32,65000,4
39,130000,12
47,180000,20
29,40000,2
36,100000,9
43,150000,15
32,55000,3
38,110000,10
48,180000,21
31,50000,3
40,130000,12
45,160000,16
33,60000,4
36,95000,8
47,170000,19
29,40000,2
34,90000,7
44,150000,15
33,70000,5
35,90000,8
43,170000,18
31,50000,3
41,150000,14
44,160000,16
33,60000,4
35,85000,8
45,180000,19
28,35000,1
36,110000,8
44,160000,16
31,55000,3
38,110000,10
48,180000,21
31,50000,3
40,130000,12
45,160000,16
33,60000,4
36,95000,8
47,170000,19
29,40000,2
34,90000,7
44,150000,15
33,70000,5
35,90000,8
43,170000,18
31,50000,3
41,150000,14
44,160000,16
33,60000,4
35,85000,8
43,170000,19
29,40000,2
34,90000,7
44,150000,15
31,160000,6
28,125000,3
26,120000,2
27,110000,2
30,180000,5
29,140000,4
32,170000,7
25,100000,1
33,190000,8
31,155000,6
28,130000,3
30,145000,5
27,115000,2
29,140000,4
34,185000,9
25,100000,1
33,190000,8
31,155000,6
28,130000,3
30,145000,5
28,125000,3
26,120000,2
27,110000,2
30,180000,5
29,140000,4
32,170000,7
25,100000,1
33,190000,8
31,155000,6
28,130000,3
30,145000,5
27,115000,2
29,140000,4
34,185000,9
25,100000,1
33,190000,8
31,155000,6
28,130000,3
30,145000,5
28,125000,3
26,120000,2
27,110000,2
30,180000,5
29,140000,4
32,170000,7
25,100000,1
33,190000,8
31,155000,6
28,130000,3
30,145000,5
27,115000,2
29,140000,4
34,185000,9
25,100000,1
33,190000,8
31,155000,6
28,130000,3
30,145000,5
28,125000,3
26,120000,2
27,110000,2
30,180000,5
29,140000,4
32,170000,7
25,100000,1
33,190000,8
31,155000,6
28,130000,3
30,145000,5
27,115000,2
29,140000,4
34,185000,9
25,100000,1
33,190000,8
31,155000,6
28,130000,3
30,145000,5
27,115000,2
29,140000,4
34,185000,9
25,100000,1
33,190000,8
31,155000,6
28,130000,3
30,145000,5
28,125000,3
26,120000,2
27,110000,2
30,180000,5
29,140000,4
32,170000,7
25,100000,1
33,190000,8
31,155000,6
28,130000,3
30,145000,5
27,115000,2
29,140000,4
34,185000,9
25,100000,1
33,190000,8
31,155000,6
28,130000,3
30,145000,5
27,115000,2
29,140000,4
34,185000,9
25,100000,1
33,190000,8
31,155000,6
28,130000,3
30,145000,5
27,115000,2
29,140000,4
34,185000,9
25,100000,1
33,190000,8
31,155000,6
28,130000,3
30,145000,5
27,115000,2
29,140000,4
34,185000,9
25,100000,1
33,190000,8
31,155000,6
28,130000,3
30,145000,5
27,115000,2
29,140000,4
34,185000,9
26,130000,3
29,180000,6
32,190000,8
27,150000,4
24,90000,1
31,195000,9
28,160000,5
33,198000,11
25,110000,2
30,185000,7
27,140000,4
34,196000,12
23,95000,1
32,193000,10
29,175000,6
30,160000,5
26,130000,3
31,180000,6
28,160000,5
33,198000,11
24,90000,1
30,185000,7
27,140000,4
34,196000,12
25,110000,2
29,180000,6
32,190000,8
27,150000,4
31,195000,9
28,160000,5
33,198000,11
26,130000,3
30,185000,7
27,140000,4
34,196000,12
25,110000,2
32,190000,8
29,180000,6
30,160000,5
33,198000,11
24,90000,1
31,195000,9
28,160000,5
27,150000,4
26,130000,3
29,180000,6
32,190000,8
33,198000,11
25,110000,2
30,185000,7
27,140000,4
34,196000,12
31,195000,9
28,160000,5
26,130000,3
29,180000,6
32,190000,8
33,198000,11
24,90000,1
27,140000,4
25,110000,2
30,185000,7
31,195000,9
28,160000,5
26,130000,3
29,180000,6
32,190000,8
33,198000,11
24,90000,1
27,140000,4
25,110000,2
30,185000,7
31,195000,9
28,160000,5
26,130000,3
29,180000,6
32,190000,8
33,198000,11
24,90000,1
27,140000,4
25,110000,2
30,185000,7
31,195000,9
28,160000,5
26,130000,3
29,180000,6
32,190000,8
33,198000,11
24,90000,1
27,140000,4
25,125000,2
28,175000,6
30,190000,8
27,150000,4
24,95000,1
31,195000,9
28,160000,5
33,198000,11
26,130000,3
30,185000,7
27,140000,4
34,196000,12
23,90000,1
32,193000,10
29,170000,6
30,160000,5
26,135000,3
31,180000,6
28,160000,5
33,198000,11
24,90000,1
30,185000,7
27,140000,4
34,196000,12
25,115000,2
29,180000,6
32,190000,8
27,150000,4
31,195000,9
28,160000,5
33,198000,11
26,130000,3
30,185000,7
27,140000,4
34,196000,12
25,110000,2
32,190000,8
29,180000,6
30,160000,5
33,198000,11
24,90000,1
31,195000,9
28,160000,5
27,150000,4
26,130000,3
29,180000,6
32,190000,8
33,198000,11
25,110000,2
30,185000,7
27,140000,4
34,196000,12
31,195000,9
28,160000,5
26,130000,3
29,180000,6
32,190000,8
33,198000,11
24,90000,1
27,140000,4
25,110000,2
30,185000,7
31,195000,9
28,160000,5
26,130000,3
29,180000,6
32,190000,8
33,198000,11
24,90000,1
27,140000,4
25,110000,2
30,185000,7
31,195000,9
28,160000,5
26,130000,3
29,180000,6
32,190000,8
33,198000,11
24,90000,1
27,140000,4
23,90000,1
27,150000,4
32,190000,8
24,125000,3
25,110000,2
31,180000,7
28,160000,5
33,195000,10
26,130000,3
30,170000,6
27,140000,4
34,196000,11
23,92000,1
32,195000,9
29,170000,6
30,160000,5
26,135000,3
31,180000,6
28,165000,5
33,198000,11
24,95000,1
30,185000,7
27,140000,4
34,196000,12
25,115000,2
29,180000,6
32,190000,8
27,150000,4
31,195000,9
28,160000,5
33,198000,11
26,130000,3
30,185000,7
27,140000,4
34,196000,12
25,110000,2
32,190000,8
29,180000,6
30,160000,5
33,198000,11
24,90000,1
31,195000,9
28,160000,5
27,150000,4
26,130000,3
29,180000,6
32,190000,8
33,198000,11
25,110000,2
30,185000,7
27,140000,4
34,196000,12
31,195000,9
28,160000,5
26,130000,3
29,180000,6
32,190000,8
33,198000,11
24,90000,1
27,140000,4
25,110000,2
30,185000,7
31,195000,9
28,160000,5
26,130000,3
29,180000,6
32,190000,8
33,198000,11
24,90000,1
27,140000,4
25,110000,2
30,185000,7
31,195000,9
28,160000,5
26,130000,3
29,180000,6
32,190000,8
33,198000,11
24,90000,1
27,140000,4
25,110000,2
30,185000,7
31,195000,9
28,160000,5
26,130000,3
29,180000,6
32,190000,8
33,198000,11
24,90000,1
27,140000,4
25,110000,2
30,185000,7
31,195000,9
28,160000,5
26,130000,3
29,180000,6
32,190000,8
33,198000,11
24,90000,1
27,140000,4
25,110000,2
30,185000,7
31,195000,9
28,160000,5
26,130000,3
29,180000,6
32,190000,8
33,198000,11
24,90000,1
27,140000,4
25,110000,2
30,185000,7
31,195000,9
28,160000,5
26,130000,3
29,180000,6
32,190000,8
33,198000,11
24,90000,1
27,140000,4
25,110000,2
30,185000,7
31,195000,9
28,160000,5
26,130000,3
29,180000,6
32,190000,8
33,198000,11
24,90000,1
27,140000,4
25,110000,2
30,185000,7
31,195000,9
28,160000,5
25,135000,3
32,190000,8
29,180000,6
30,160000,5
24,95000,1
33,196000,11
27,140000,4
26,130000,3
30,185000,7
31,195000,9
28,160000,5
26,130000,3
30,185000,7
27,150000,4
24,90000,1
33,198000,11
25,115000,2
28,165000,5
26,130000,3
29,180000,6
32,190000,8
33,198000,11
27,140000,4
31,180000,6
30,160000,5
24,92000,1
28,160000,5
26,130000,3
32,190000,8
33,198000,11
25,110000,2
30,185000,7
27,140000,4
34,196000,12
31,195000,9
28,160000,5
26,130000,3
29,180000,6
32,190000,8
33,198000,11
24,90000,1
27,140000,4
25,110000,2
30,185000,7
31,195000,9
28,160000,5
26,130000,3
29,180000,6
32,190000,8
33,198000,11
24,90000,1
27,140000,4
25,110000,2
30,185000,7
31,195000,9
28,160000,5
26,130000,3
29,180000,6
32,190000,8
33,198000,11
24,90000,1
27,140000,4
25,110000,2
30,185000,7
31,195000,9
28,160000,5
26,130000,3
29,180000,6
32,190000,8
33,198000,11
24,90000,1
27,140000,4
25,110000,2
30,185000,7
31,195000,9
28,160000,5
26,130000,3
29,180000,6
32,190000,8
33,198000,11
24,90000,1
27,140000,4
25,110000,2
30,185000,7
31,195000,9
28,160000,5
26,130000,3
29,180000,6
32,190000,8
33,198000,11
24,90000,1
27,140000,4
25,110000,2
30,185000,7
31,195000,9
28,160000,5
26,130000,3
29,180000,6
32,190000,8
33,198000,11
24,90000,1
27,140000,4
25,110000,2
30,185000,7
31,195000,9
28,160000,5
26,130000,3
29,180000,6
32,190000,8
33,198000,11
24,90000,1
27,140000,4
25,110000,2
30,185000,7
31,195000,9
28,160000,5
26,130000,3
29,180000,6
32,190000,8
33,198000,11
24,90000,1
27,140000,4
25,110000,2
30,185000,7
31,195000,9
28,160000,5
26,130000,3
29,180000,6
32,190000,8
33,198000,11
24,90000,1
27,140000,4
25,110000,2
30,185000,7
32,135000,5
27,180000,3
40,195000,12
35,165000,8
43,198000,15
29,150000,4
36,162000,9
31,175000,6
42,197000,13
33,142000,7
29,182000,4
41,185000,11
35,170000,8
27,160000,4
32,180000,8
29,150000,6
30,140000,5
24,100000,2
33,190000,11
27,160000,4
26,120000,3
30,170000,7
31,190000,9
28,150000,5
26,120000,3
30,170000,7
27,130000,4
24,95000,2
33,195000,11
25,100000,2
28,150000,5
26,120000,3
29,150000,6
32,180000,8
33,195000,11
27,160000,4
31,170000,6
30,140000,5
24,95000,2
28,150000,5
26,120000,3
32,180000,8
33,195000,11
25,100000,2
30,170000,7
27,160000,4
34,190000,12
31,190000,9
28,150000,5
26,120000,3
29,150000,6
32,180000,8
33,195000,11
24,95000,2
27,160000,4
25,100000,2
30,170000,7
31,190000,9
28,150000,5
26,120000,3
29,150000,6
32,180000,8
33,195000,11
24,95000,2
27,160000,4
25,100000,2
30,170000,7
31,190000,9
28,150000,5
26,120000,3
29,150000,6
32,180000,8
33,195000,11
24,95000,2
27,160000,4
25,100000,2
30,170000,7
31,190000,9
28,150000,5
26,120000,3
29,150000,6
32,180000,8
33,195000,11
24,95000,2
27,160000,4
25,100000,2
30,170000,7
31,190000,9
28,150000,5
26,120000,3
29,150000,6
32,180000,8
33,195000,11
24,95000,2
27,160000,4
25,100000,2
30,170000,7
31,190000,9
28,150000,5
26,120000,3
29,150000,6
32,180000,8
33,195000,11
24,95000,2
27,160000,4
25,100000,2
30,170000,7
31,190000,9
28,150000,5
26,120000,3
29,150000,6
32,180000,8
33,195000,11
24,95000,2
27,160000,4
25,100000,2
30,170000,7
31,190000,9
28,150000,5
26,120000,3
29,150000,6
32,180000,8
33,195000,11
24,95000,2
27,160000,4
25,100000,2
30,170000,7
31,190000,9
28,150000,5
26,120000,3
29,150000,6
32,180000,8
33,195000,11
24,95000,2
27,160000,4
25,100000,2
30,170000,7
31,190000,9
28,150000,5
26,120000,3
29,150000,6
32,180000,8
33,195000,11
24,95000,2
27,160000,4
25,100000,2
30,170000,7
29,180000,7
27,120000,5
33,195000,10
28,160000,4
26,100000,3
31,190000,8
30,170000,6
32,185000,9
29,130000,7
35,190000,12
27,150000,5
28,150000,6
37,195000,14
26,110000,3
30,180000,8
31,185000,9
29,130000,7
32,190000,10
28,155000,6
34,195000,12
25,90000,2
30,185000,8
29,120000,6
31,180000,9
26,100000,3
33,195000,10
28,160000,4
27,125000,5
30,170000,6
32,185000,9
29,130000,7
35,190000,12
27,150000,5
28,150000,6
37,195000,14
26,110000,3
30,180000,8
31,185000,9
29,130000,7
32,190000,10
28,155000,6
34,195000,12
25,90000,2
30,185000,8
29,120000,6
31,180000,9
26,100000,3
33,195000,10
28,160000,4
27,125000,5
30,170000,6
32,185000,9
29,130000,7
35,190000,12
27,150000,5
28,150000,6
37,195000,14
26,110000,3
30,180000,8
31,185000,9
29,130000,7
32,190000,10
28,155000,6
34,195000,12
25,90000,2
30,185000,8
29,120000,6
31,180000,9
26,100000,3
33,195000,10
28,160000,4
27,125000,5
30,170000,6
32,185000,9
29,130000,7
35,190000,12
27,150000,5
28,150000,6
37,195000,14
26,110000,3
30,180000,8
31,185000,9
29,130000,7
32,190000,10
28,155000,6
34,195000,12
25,90000,2
30,185000,8
29,120000,6
31,180000,9
26,100000,3
33,195000,10
28,160000,4
27,125000,5
30,170000,6
32,185000,9
29,130000,7
35,190000,12
27,150000,5
28,150000,6
37,195000,14
26,110000,3
30,180000,8
31,185000,9
29,130000,7
32,190000,10
28,155000,6
34,195000,12
25,90000,2
30,185000,8
28,175000,7
44,190000,18
33,110000,5
50,195000,16
27,100000,3
25,60000,1
35,155000,8
47,175000,12
46,180000,13
32,95000,4
61,200000,20
41,165000,11
37,145000,9
53,195000,19
30,75000,2
26,90000,3
37,155000,9
32,115000,5
44,170000,12
50,190000,16
27,115000,4
42,180000,14
57,195000,18
35,140000,7
62,200000,19
26,70000,2
42,170000,11
41,185000,14
36,140000,8
49,185000,15
49,185000,15
47,180000,15
47,175000,14
26,70000,2
24,60000,1
62,200000,20
42,170000,14
41,165000,11
23,55000,1
55,190000,17
26,90000,3
33,105000,5
31,130000,6
50,185000,16
24,60000,1
56,195000,17
24,60000,1
37,150000,8
43,180000,13
44,170000,12
34,125000,6
45,185000,15
29,90000,3
29,80000,3
29,85000,3
48,190000,16
43,160000,11
62,200000,19
54,195000,17
60,195000,18
54,190000,14
27,95000,3
23,55000,1
45,185000,13
32,120000,5
57,195000,16
47,175000,14
25,75000,2
58,200000,17
41,160000,12
41,175000,12
26,70000,2
47,180000,15
24,60000,1
48,190000,16
32,120000,5
61,200000,20
45,185000,14
50,190000,16
53,195000,18
47,170000,14
23,55000,1
33,130000,6
42,180000,14
45,185000,14
23,55000,1
37,145000,9
44,170000,12
54,195000,17
38,155000,10
34,125000,6
46,180000,14
30,95000,4
44,170000,11
27,100000,3
42,175000,14
27,80000,3
54,195000,18
38,155000,10
31,125000,6
28,110000,4
30,130000,6
54,190000,16
62,200000,20
62,200000,19
37,150000,9
31,140000,7
58,195000,17
56,195000,17
23,55000,1
49,185000,15
32,120000,5
52,190000,16
32,130000,6
50,190000,16
32,130000,6
34,140000,7
28,70000,2
44,170000,11
55,190000,17
27,80000,3
46,180000,14
27,70000,2
45,185000,14
23,55000,1
36,140000,8
47,170000,14
33,130000,6
43,180000,13
30,95000,4
28,70000,2
43,165000,12
43,185000,13
36,140000,7
24,60000,1
28,80000,3
37,150000,9
41,185000,14
26,70000,2
28,90000,3
43,170000,12
42,170000,14
48,190000,16
27,70000,2
49,185000,15
44,170000,12
27,100000,3
37,155000,10
44,170000,12
56,195000,18
49,185000,15
27,70000,2
48,190000,16
31,140000,7
25,60000,1
50,190000,16
46,180000,14
33,130000,6
42,170000,14
41,165000,12
43,185000,13
32,130000,6
24,60000,1
44,170000,11
36,140000,7
28,110000,4
28,70000,2
37,145000,9
54,190000,16
58,200000,17
27,80000,3
30,95000,4
27,100000,3
54,195000,17
49,185000,15
38,155000,10
54,195000,18
31,125000,6
56,195000,17
31,140000,7
42,170000,14
44,170000,11
37,150000,9
24,60000,1
27,70000,2
42,170000,14
24,55000,1
28,80000,3
43,185000,13
31,140000,7
43,180000,13
27,70000,2
49,185000,15
48,190000,16
30,130000,6
28,110000,4
46,180000,14
37,145000,9
42,170000,14
43,165000,12
31,140000,7
56,195000,17
37,155000,10
54,190000,16
58,195000,17
33,130000,6
29,85000,3
52,200000,18
36,140000,8
26,65000,2
47,190000,16
32,120000,6
29,80000,3
28,90000,3
54,190000,16
57,200000,18
51,190000,16
28,110000,4
46,180000,14
27,65000,2
45,185000,14
23,55000,1
36,130000,7
48,190000,16
33,120000,5
38,155000,10
51,190000,16
27,100000,3
37,150000,9
44,170000,12
27,80000,3
38,155000,10
54,195000,17
49,185000,15
27,70000,2
48,190000,16
31,140000,7
25,55000,1
50,190000,16
46,180000,14
33,130000,6
42,170000,14
41,165000,12
43,185000,13
32,130000,6
24,60000,1
44,170000,11
36,140000,7
28,110000,4
28,70000,2
37,145000,9
54,190000,16
58,200000,17
27,80000,3
30,95000,4
27,100000,3
54,195000,17
49,185000,15
38,155000,10
54,195000,18
31,125000,6
56,195000,17
31,140000,7
42,170000,14
44,170000,11
37,150000,9
24,60000,1
27,70000,2
42,170000,14
24,55000,1
28,80000,3
43,185000,13
31,140000,7
43,180000,13
27,70000,2
49,185000,15
48,190000,16
31,125000,6
40,160000,12
36,140000,8
54,195000,17
27,70000,2
28,70000,2
44,170000,11
43,185000,13
54,195000,17
32,130000,6
38,155000,10
49,185000,15
27,80000,3
54,195000,17
31,135000,7
24,55000,1
48,190000,16
27,70000,2
43,185000,13
44,170000,11
37,150000,9
56,195000,17
28,70000,2
54,195000,17
31,125000,6
49,185000,15
27,70000,2
38,155000,10
27,80000,3
43,185000,13
48,190000,16
44,170000,11
54,195000,17
37,150000,9
28,70000,2
27,70000,2
49,185000,15
31,135000,7
27,80000,3
54,195000,17
38,155000,10
44,170000,11
43,185000,13
27,70000,2
48,190000,16
31,125000,6
54,195000,17
37,150000,9
28,70000,2
27,70000,2
34,95000,5
43,170000,12
27,75000,2
56,210000,18
32,135000,7
40,160000,12
23,55000,1
46,190000,16
41,165000,11
28,80000,3
34,120000,6
49,185000,15
43,185000,13
54,190000,16
36,140000,8
33,130000,6
27,70000,2
44,170000,11
31,125000,6
38,155000,10
27,70000,2
54,195000,17
31,140000,7
32,130000,6
38,155000,10
51,190000,16
28,70000,2
27,80000,3
43,185000,13
27,100000,3
49,185000,15
48,190000,16
31,135000,7
40,160000,12
24,55000,1
27,80000,3
42,170000,14
24,55000,1
28,80000,3
43,185000,13
31,140000,7
43,180000,13
27,70000,2
49,185000,15
48,190000,16
31,125000,6
40,160000,12
36,140000,8
54,195000,17
27,70000,2
28,70000,2
44,170000,11
43,185000,13
54,195000,17
32,130000,6
38,155000,10
49,185000,15
27,80000,3
54,195000,17
31,135000,7
24,55000,1
48,190000,16
27,70000,2
43,185000,13
44,170000,11
37,150000,9
56,195000,17
28,70000,2
54,195000,17
31,125000,6
49,185000,15
54,195000,17
27,80000,3
42,170000,14
38,155000,10
43,185000,13
27,70000,2
31,140000,7
54,195000,17
36,140000,8
27,70000,2
49,185000,15
48,190000,16
31,135000,7
40,160000,12
24,55000,1
27,80000,3
43,185000,13
27,100000,3
49,185000,15
48,190000,16
31,125000,6
40,160000,12
36,140000,8
54,195000,17
27,70000,2
28,70000,2
44,170000,11
43,185000,13
54,195000,17
32,130000,6
38,155000,10
49,185000,15
27,80000,3
54,195000,17
31,135000,7
24,55000,1
48,190000,16
27,70000,2
43,185000,13
44,170000,11
37,150000,9
56,195000,17
28,70000,2
54,195000,17
31,125000,6
49,185000,15
54,195000,17
27,80000,3
42,170000,14
38,155000,10
36,120000,7
29,90000,3
41,180000,14
33,130000,7
42,170000,12
28,70000,2
55,210000,18
26,55000,1
47,190000,16
44,165000,11
30,105000,5
39,160000,11
32,110000,6
50,195000,17
27,85000,3
46,180000,14
25,55000,1
43,185000,13
35,140000,8
29,90000,3
40,160000,12
35,145000,8
41,185000,13
30,105000,5
33,110000,6
55,210000,18
26,55000,1
47,190000,16
44,165000,11
30,105000,5
39,160000,11
32,110000,6
50,195000,17
27,85000,3
46,180000,14
25,55000,1
43,185000,13
35,140000,8
29,90000,3
40,160000,12
35,145000,8
41,185000,13
30,105000,5
33,110000,6
55,210000,18
26,55000,1
47,190000,16
44,165000,11
30,105000,5
39,160000,11
32,110000,6
50,195000,17
27,85000,3
46,180000,14
25,55000,1
43,185000,13
35,140000,8
29,90000,3
40,160000,12
35,145000,8
41,185000,13
30,105000,5
33,110000,6
55,210000,18
26,55000,1
47,190000,16
44,165000,11
30,105000,5
39,160000,11
32,110000,6
50,195000,17
27,85000,3
46,180000,14
25,55000,1
43,185000,13
35,140000,8
29,90000,3
40,160000,12
35,145000,8
41,185000,13
30,105000,5
33,110000,6
55,210000,18
26,55000,1
47,190000,16
44,165000,11
30,105000,5
39,160000,11
32,110000,6
50,195000,17
27,85000,3
46,180000,14
25,55000,1
43,185000,13
35,140000,8
29,90000,3
40,160000,12
35,145000,8
41,185000,13
30,105000,5
33,110000,6
55,210000,18
26,55000,1
47,190000,16
44,165000,11
30,105000,5
39,160000,11
32,110000,6
50,195000,17
27,85000,3
46,180000,14
25,55000,1
43,185000,13
35,140000,8
29,90000,3
40,160000,12
35,145000,8
41,185000,13
30,105000,5
33,110000,6
55,210000,18
31,115000,6
42,170000,13
27,80000,3
51,200000,19
34,130000,7
38,155000,11
29,105000,5
43,190000,14
36,140000,8
48,185000,16
35,145000,8
30,90000,4
50,195000,18
29,95000,4
41,170000,13
33,115000,6
45,185000,16
28,65000,2
39,160000,12
30,100000,5
46,180000,15
25,55000,1
42,190000,14
31,115000,6
49,195000,17
36,150000,9
33,115000,6
45,185000,16
28,65000,2
39,160000,12
30,100000,5
46,180000,15
25,55000,1
42,190000,14
31,115000,6
49,195000,17
36,150000,9
33,115000,6
45,185000,16
28,65000,2
39,160000,12
30,100000,5
46,180000,15
25,55000,1
42,190000,14
31,115000,6
49,195000,17
36,150000,9
33,115000,6
45,185000,16
28,65000,2
39,160000,12
30,100000,5
46,180000,15
25,55000,1
42,190000,14
31,115000,6
49,195000,17
36,150000,9
33,115000,6
45,185000,16
28,65000,2
39,160000,12
30,100000,5
46,180000,15
25,55000,1
42,190000,14
31,115000,6
49,195000,17
36,150000,9
33,115000,6
45,185000,16
28,65000,2
39,160000,12
30,100000,5
46,180000,15
25,55000,1
42,190000,14
31,115000,6
49,195000,17
36,150000,9
33,115000,6
45,185000,16
28,65000,2
39,160000,12
30,100000,5
46,180000,15
25,55000,1
42,190000,14
31,115000,6
49,195000,17
36,150000,9
33,115000,6
45,185000,16
28,65000,2
39,160000,12
30,100000,5
46,180000,15
25,55000,1
42,190000,14
31,115000,6
49,195000,17
36,150000,9
33,115000,6
45,185000,16
28,65000,2
39,160000,12
30,100000,5
46,180000,15
25,55000,1
42,190000,14
31,115000,6
49,195000,17
36,150000,9
33,115000,6
45,185000,16
28,65000,2
39,160000,12
30,100000,5
46,180000,15
25,550,1
29,90000,4
40,160000,12
27,80000,3
50,195000,18
33,115000,6
37,150000,10
28,65000,2
44,190000,14
35,140000,8
47,185000,16
34,130000,7
31,105000,5
51,200000,19
30,100000,5
42,170000,13
33,115000,6
45,185000,16
29,90000,4
39,160000,12
27,80000,3
49,195000,17
32,115000,6
36,135000,8
27,65000,2
43,190000,14
34,140000,8
46,185000,16
33,130000,7
30,105000,5
50,200000,19
30,100000,5
42,170000,13
33,115000,6
45,185000,16
29,90000,4
39,160000,12
27,80000,3
49,195000,17
32,115000,6
36,135000,8
27,65000,2
43,190000,14
34,140000,8
46,185000,16
33,130000,7
30,105000,5
50,200000,19
30,100000,5
42,170000,13
33,115000,6
45,185000,16
29,90000,4
39,160000,12
27,80000,3
49,195000,17
32,115000,6
36,135000,8
27,65000,2
43,190000,14
34,140000,8
46,185000,16
33,130000,7
30,105000,5
50,200000,19
30,100000,5
42,170000,13
33,115000,6
45,185000,16
29,90000,4
39,160000,12
27,80000,3
49,195000,17
32,115000,6
36,135000,8
27,65000,2
43,190000,14
34,140000,8
46,185000,16
33,130000,7
30,105000,5
50,200000,19
30,100000,5
42,170000,13
33,115000,6
45,185000,16
29,90000,4
39,160000,12
27,80000,3
49,195000,17
32,115000,6
36,135000,8
27,65000,2
43,190000,14
34,140000,8
46,185000,16
33,130000,7
30,105000,5
50,200000,19
30,100000,5
42,170000,13
33,115000,6
45,185000,16
29,90000,4
39,160000,12
27,80000,3
49,195000,17
32,115000,6
36,135000,8
27,65000,2
43,190000,14
34,140000,8
46,185000,16
33,130000,7
30,105000,5
50,200000,19
30,100000,5
42,170000,13
33,115000,6
45,185000,16
29,90000,4
27,100000,7
31,110000,6
37,150000,10
27,80000,3
50,195000,18
32,115000,6
36,135000,8
27,65000,2
43,190000,14
34,140000,8
46,185000,16
33,130000,7
30,105000,5
50,200000,19
30,100000,5
42,170000,13
33,115000,6
45,185000,16
29,90000,4
39,160000,12
27,80000,3
49,195000,17
32,115000,6
36,135000,8
27,65000,2
43,190000,14
34,140000,8
46,185000,16
33,130000,7
30,105000,5
50,200000,19
30,100000,5
42,170000,13
33,115000,6
45,185000,16
29,90000,4
39,160000,12
27,80000,3
49,195000,17
32,115000,6
36,135000,8
27,65000,2
43,190000,14
34,140000,8
46,185000,16
33,130000,7
30,105000,5
50,200000,19
30,100000,5
42,170000,13
33,115000,6
45,185000,16
29,90000,4
39,160000,12
27,80000,3
49,195000,17
32,115000,6
36,135000,8
27,65000,2
43,190000,14
34,140000,8
46,185000,16
33,130000,7
30,105000,5
50,200000,19
30,100000,5
42,170000,13
33,115000,6
45,185000,16
29,90000,4
39,160000,12
27,80000,3
49,195000,17
32,115000,6
36,135000,8
27,65000,2
43,190000,14
34,140000,8
46,185000,16
33,130000,7
30,105000,5
50,200000,19
30,100000,5
42,170000,13
33,115000,6
45,185000,16
29,90000,4
39,160000,12
27,80000,3
49,195000,17
32,115000,6
36,135000,8
27,65000,2
43,190000,14
34,140000,8
46,185000,16
33,130000,7
30,105000,5
50,200000,19
30,100000,5
42,170000,13
33,115000,6
45,185000,16
29,90000,4
39,160000,12
27,80000,3
49,195000,17
32,115000,6
36,135000,8
27,65000,2
43,190000,14
34,140000,8
46,185000,16
33,130000,7
30,105000,5
50,200000,19
30,100000,5
42,170000,13
33,115000,6
45,185000,16
29,90000,4
31,130000,8
27,80000,3
43,180000,15
35,140000,8
42,160000,12
28,55000,2
44,190000,16
32,120000,7
48,200000,18
30,100000,5
34,150000,9
37,170000,11
26,65000,2
49,210000,19
29,90000,4
41,180000,14
31,110000,6
37,150000,10
27,80000,3
50,195000,18
32,115000,6
36,135000,8
27,65000,2
43,190000,14
34,140000,8
46,185000,16
33,130000,7
30,105000,5
50,200000,19
30,100000,5
42,170000,13
33,115000,6
45,185000,16
29,90000,4
39,160000,12
27,80000,3
49,195000,17
32,115000,6
36,135000,8
27,65000,2
43,190000,14
34,140000,8
46,185000,16
33,130000,7
30,105000,5
50,200000,19
30,100000,5
42,170000,13
33,115000,6
45,185000,16
29,90000,4
39,160000,12
27,80000,3
49,195000,17
32,115000,6
36,135000,8
27,65000,2
43,190000,14
34,140000,8
46,185000,16
33,130000,7
30,105000,5
50,210000,20
31,95000,6
39,170000,11
27,65000,2
44,190000,16
32,120000,7
48,200000,19
30,100000,5
34,150000,9
37,170000,11
26,65000,2
49,210000,19
29,90000,4
41,180000,14
31,110000,6
37,150000,10
27,80000,3
50,195000,18
32,115000,6
36,135000,8
27,65000,2
43,190000,14
34,140000,8
46,185000,16
33,130000,7
30,105000,5
50,200000,19
30,100000,5
42,170000,13
33,115000,6
45,185000,16
29,90000,4
39,160000,12
27,80000,3
49,195000,17
32,115000,6
36,135000,8
27,65000,2
43,190000,14
34,140000,8
46,185000,16
33,130000,7
30,105000,5
50,200000,19
30,100000,5
42,170000,13
33,115000,6
45,185000,16
29,90000,4
39,160000,12
27,80000,3
49,195000,17
32,115000,6
36,135000,8
27,65000,2
43,190000,14
34,140000,8
28,75000,4
33,95000,7
22,50000,1
44,180000,15
29,65000,3
31,120000,6
25,60000,2
38,150000,10
27,70000,3
46,220000,20
33,100000,8
24,55000,2
36,170000,12
30,90000,5
29,80000,4
42,180000,14
26,60000,2
35,120000,9
27,70000,3
48,210000,18
34,140000,9
23,50000,1
32,110000,7
25,60000,2
37,160000,11
28,75000,4
41,200000,16
34,100000,8
24,55000,2
36,170000,12
30,90000,5
29,80000,4
42,180000,14
26,60000,2
35,120000,9
27,70000,3
48,210000,18
34,140000,9
23,50000,1
32,110000,7
25,60000,2
37,160000,11
28,75000,4
41,200000,16
34,100000,8
24,55000,2
36,170000,12
30,90000,5
29,80000,4
42,180000,14
26,60000,2
35,120000,9
27,70000,3
48,210000,18
34,140000,9
23,50000,1
32,110000,7
25,60000,2
37,160000,11
28,75000,4
41,200000,16
34,100000,8
24,55000,2
36,170000,12
30,90000,5
29,80000,4
42,180000,14
26,60000,2
35,120000,9
27,70000,3
48,210000,18
34,140000,9
23,50000,1
32,110000,7
25,60000,2
37,160000,11
28,75000,4
41,200000,16
34,100000,8
24,55000,2
36,170000,12
30,90000,5
29,80000,4
42,180000,14
26,60000,2
35,120000,9
27,70000,3
48,210000,18
34,140000,9
23,50000,1
32,110000,7
25,60000,2
37,160000,11
28,75000,4
41,200000,16
34,100000,8
24,55000,2
36,170000,12
30,90000,5
29,80000,4
42,180000,14
26,60000,2
35,120000,9
27,70000,3
48,210000,18
34,140000,9
23,50000,1
32,110000,7
25,60000,2
37,160000,11
28,75000,4
41,200000,16
34,100000,8
24,55000,2
36,170000,12
30,90000,5
29,80000,4
42,180000,14
26,60000,2
35,120000,9
27,70000,3
48,210000,18
34,140000,9
23,50000,1
34,122485,8
25,169159,12
43,187081,21
53,166109,31
27,78354,5
25,90249,2
29,132720,6
52,161568,23
41,127346,13
49,120177,19
25,69032,2
35,101332,8
57,121450,30
35,166375,12
43,185119,21
37,149217,10
50,166512,21
52,186963,28
26,75072,3
34,163398,10
30,103947,11
60,179180,33
50,175966,23
58,190004,27
35,152039,10
28,76742,5
57,191790,33
46,139398,20
28,95845,7
34,160976,12
33,126753,9
37,161393,14
33,139817,8
53,181714,25
35,114776,10
30,105725,6
24,52731,1
36,106492,8
27,73895,4
23,119836,1
28,99747,5
52,168287,25
28,115920,7
32,128078,11
24,51265,1
43,165919,22
60,188651,34
24,55538,0
55,193964,28
29,104702,4
44,172955,19
40,138032,16
27,82683,4
43,155414,17
49,154207,25
30,107895,8
42,148446,18
26,102859,4
41,138662,13
46,181699,23
57,188232,33
22,51832,0
54,188484,28
42,138286,16
49,181132,22
27,73938,4
36,119224,14
31,101186,6
39,142360,14
41,151315,20
48,181021,23
39,134641,15
48,173851,23
31,104127,8
47,178859,25
29,98568,5
32,104661,9
38,134858,13
34,94502,10
23,62852,2
34,122485,8
25,169159,12
43,187081,21
53,166109,31
27,78354,5
25,90249,2
29,132720,6
52,161568,23
41,127346,13
49,120177,19
25,69032,2
35,101332,8
57,121450,30
35,166375,12
43,185119,21
37,149217,10
50,166512,21
52,186963,28
26,75072,3
34,163398,10
30,103947,11
60,179180,33
50,175966,23
58,190004,27
35,152039,10
28,76742,5
57,191790,33
46,139398,20
28,95845,7
34,160976,12
33,126753,9
37,161393,14
33,139817,8
53,181714,25
35,114776,10
30,105725,6
24,52731,1
36,106492,8
27,73895,4
23,119836,1
28,99747,5
52,168287,25
28,115920,7
32,128078,11
24,51265,1
43,165919,22
60,188651,34
24,55538,0
55,193964,28
29,104702,4
44,172955,19
40,138032,16
27,82683,4
43,155414,17
49,154207,25
30,107895,8
42,148446,18
26,102859,4
41,138662,13
46,181699,23
57,188232,33
22,51832,0
54,188484,28
42,138286,16
49,181132,22
27,73938,4
36,119224,14
31,101186,6
39,142360,14
41,151315,20
48,181021,23
39,134641,15
48,173851,23
31,104127,8
47,178859,25
29,98568,5
32,104661,9
38,134858,13
34,94502,10
23,62852,2
36,139095,14
30,106278,5
28,90452,4
46,168304,23
34,126593,10
44,152203,19
55,183138,30
35,130275,9
54,191915,29
23,62807,2
46,174305,21
33,133326,9
26,75656,4
43,155944,19
36,137775,11
23,51831,0
49,182237,22
35,151901,10
31,100052,8
54,158254,29
43,167207,20
33,112439,10
52,194214,29
28,84407,5
36,139413,13
43,143084,20
50,192344,25
24,106132,1
52,184816,26
46,150248,19
38,170995,15
29,88035,6
33,119419,10
47,173582,21
45,174436,23
28,71699,4
42,163558,14
46,166828,24
38,144496,15
54,193746,31
33,122581,8
27,79767,4
50,177177,25
26,89843,4
31,113563,6
35,128712,10
44,161621,18
32,121454,8
54,179987,25
26,72649,3
23,52612,0
48,184006,24
38,131960,12
30,102465,5
40,149748,16
45,171036,22
36,146351,13
52,185462,26
31,107718,7
26,90944,4
30,100425,5
24,63901,2
45,181902,22
33,136533,9
38,136285,11
54,191818,31
42,176643,19
28,70022,4
30,99363,6
43,152944,19
35,123386,10
44,168906,21
55,183020,30
23,47898,1
39,135853,14
43,149198,17
29,106662,6
51,186610,28
30,89995,6
26,85825,4
39,143814,13
49,174726,24
42,150534,20
27,68732,4
43,187951,21
37,137336,13
51,191159,26
29,102868,5
43,154281,20
31,111535,8
30,107906,6
36,143885,13
52,180958,27
28,108607,6
49,178284,24
27,75969,4
41,143705,15
56,197354,31
46,174324,22
32,123781,8
38,141735,12
52,187120,28
24,61095,1
49,179045,22
35,130355,10
31,103282,7
44,157872,18
33,117314,10
54,186321,30
33,129686,11
27,68611,3
51,177913,25
26,68472,3
31,113065,6
35,125091,9
45,172925,23
32,126916,9
54,183417,27
26,76898,4
23,579,1
26,65000,2
33,120000,8
29,90000,4
41,190000,15
35,140000,9
28,75000,3
37,160000,11
33,130000,8
24,60000,2
46,220000,20
29,80000,5
31,130000,7
27,65000,3
38,170000,13
30,110000,6
25,50000,2
44,210000,18
33,100000,8
22,50000,1
36,160000,10
28,70000,4
41,190000,16
34,140000,9
23,45000,1
32,120000,7
25,60000,2
37,150000,11
28,70000,4
41,200000,16
34,100000,8
24,55000,2
36,170000,12
30,90000,5
29,80000,4
42,180000,14
26,60000,2
35,120000,9
27,70000,3
48,210000,18
34,140000,9
23,50000,1
32,110000,7
25,60000,2
37,160000,11
28,75000,4
41,200000,16
34,100000,8
24,55000,2
36,170000,12
30,90000,5
29,80000,4
42,180000,14
26,60000,2
35,120000,9
27,70000,3
48,210000,18
34,140000,9
23,50000,1
32,110000,7
25,60000,2
37,160000,11
28,75000,4
41,200000,16
34,100000,8
24,55000,2
36,170000,12
30,90000,5
29,80000,4
42,180000,14
26,60000,2
35,120000,9
27,70000,3
48,210000,18
34,140000,9
23,50000,1
32,110000,7
25,60000,2
37,160000,11
28,75000,4
41,200000,16
34,100000,8
24,55000,2
36,170000,12
30,90000,5
29,80000,4
42,180000,14
26,60000,2
35,120000,9
27,70000,3
48,210000,18
34,140000,9
23,50000,1
32,110000,7
25,60000,2
37,160000,11
28,75000,4
41,200000,16
34,100000,8
24,55000,2
36,170000,12
30,90000,5
29,80000,4
42,180000,14
26,60000,2
35,120000,9
27,70000,3
48,210000,18
34,140000,9
23,50000,1
32,110000,7
25,60000,2
37,160000,11
28,75000,4
41,200000,16
34,100000,8
24,55000,2
36,170000,12
30,90000,5
29,80000,4
42,180000,14
26,60000,2
35,120000,9
27,70000,3
48,210000,18
29,103579,6
45,163780,19
36,137878,12
30,92438,4
28,84181,5
46,174821,21
34,126520,10
44,152168,18
55,190543,29
35,131547,9
54,192292,28
23,52807,1
46,174938,20
33,124071,8
26,73640,3
43,156486,19
36,138859,11
23,52831,0
49,182392,23
35,151078,11
31,100679,8
54,158966,29
43,167924,20
33,113334,10
52,194778,29
28,77606,4
36,140010,13
43,142421,20
50,192756,24
24,106686,1
52,186794,27
46,150729,19
38,171652,15
29,88552,6
33,119918,9
47,174985,21
45,174336,23
28,72389,4
42,163978,14
46,166958,25
38,145052,15
54,195270,32
33,122970,8
27,80247,4
50,177862,25
26,91062,4
31,114290,6
35,128999,10
44,162454,18
32,122354,8
54,179756,25
26,73218,3
23,52612,0
48,184480,24
38,132442,12
30,102828,5
40,150301,16
45,171468,22
36,147326,13
52,185982,26
31,108267,7
26,91397,4
30,100867,5
24,64182,2
45,182506,22
33,136986,9
38,136662,11
54,191510,32
42,177347,19
28,70397,3
34,146075,9
46,155795,18
35,132638,9
49,178684,22
32,106218,7
54,191239,28
26,65840,2
23,52779,0
48,185038,23
38,136449,14
30,110707,6
40,151670,17
45,167015,21
36,146508,13
52,190596,27
31,104378,6
26,70216,3
30,101733,5
24,55935,1
45,180367,21
33,135596,9
38,136062,11
54,191267,32
42,177347,19
28,70397,3
34,146075,9
46,155795,18
35,132638,9
49,178684,22
32,106218,7
54,191239,28
26,65840,2
23,52779,0
48,185038,23
38,136449,14
30,110707,6
40,151670,17
45,167015,21
36,146508,13
52,190596,27
31,104378,6
26,70216,3
30,101733,5
24,55935,1
45,180367,21
33,135596,9
38,136062,11
54,191267,32
42,177347,19
29,103579,6
45,163780,19
36,137878,12
30,92438,4
28,84181,5
46,174821,21
34,126520,10
44,152168,18
55,190543,29
35,131547,9
54,192292,28
23,52807,1
46,174938,20
33,124071,8
26,73640,3
43,156486,19
36,138859,11
23,52831,0
49,182392,23
35,151078,11
31,100679,8
54,158966,29
43,167924,20
33,113334,10
52,194778,29
28,77606,4
36,140010,13
43,142421,20
50,192756,24
24,106686,1
52,186794,27
46,150729,19
38,171652,15
29,88552,6
33,119918,9
47,174985,21
45,174336,23
28,72389,4
42,163978,14
46,166958,25
38,145052,15
54,195270,32
33,122970,8
27,80247,4
50,177862,25
26,91062,4
31,114290,6
35,128999,10
44,162454,18
32,122354,8
54,179756,25
26,73218,3
23,52612,0
48,184480,24
38,132442,12
30,102828,5
40,150301,16
45,171468,22
36,147326,13
52,185982,26
31,108267,7
26,91397,4
30,100867,5
24,64182,2
45,182506,22
33,136986,9
38,136662,11
54,191510,32
42,177347,19
28,70397,3
34,146075,9
46,155795,18
35,132638,9
49,178684,22
32,106218,7
54,191239,28
26,65840,2
23,52779,0
48,185038,23
38,136449,14
30,110707,6
40,151670,17
45,167015,21
36,146508,13
52,190596,27
31,104378,6
26,70216,3
30,101733,5
24,55935,1
45,180367,21
33,135596,9
38,136062,11
54,191267,32
42,177347,19
28,70397,3
34,146075,9
46,155795,18
35,132638,9
49,178684,22
32,106218,7
54,191239,28
26,65840,2
23,52779,0
48,185038,23
38,136449,14
30,110707,6
40,151670,17
45,167015,21
36,146508,13
52,190596,27
31,104378,6
26,70216,3
30,101733,5
24,55935,1
45,180367,21
33,135596,9
38,136062,11
54,191267,32
42,177347,19
29,103579,6
45,163780,19
36,137878,12
30,92438,4
28,84181,5
46,174821,21
34,126520,10
44,152168,18
55,190543,29
35,131547,9
54,192292,28
23,52807,1
46,174938,20
33,124071,8
26,73640,3
43,156486,19
36,138859,11
23,52831,0
49,182392,23
35,151078,11
31,100679,8
54,158966,29
43,167924,20
33,113334,10
52,194778,29
28,77606,4
36,140010,13
43,142421,20
50,192756,24
24,106686,1
52,186794,27
46,150729,19
38,171652,15
29,88552,6
33,119918,9
47,174985,21
45,174336,23
28,72389,4
42,163978,14
46,166958,25
38,145052,15
54,195270,32
33,122970,8
27,80247,4
50,177862,25
26,91062,4
31,114290,6
35,128999,10
44,162454,18
32,122354,8
54,179756,25
26,73218,3
23,52612,0
48,185038,23
38,132442,12
30,102828,5
40,150301,16
45,171468,22
36,147326,13
52,185982,26
31,108267,7
26,91397,3
30,100867,5
24,64182,2
45,182506,22
33,136986,9
38,136662,11
54,191510,32
42,177347,19
28,82944,4
48,188288,23
36,141090,14
43,152726,19
33,124141,9
26,67556,3
50,182768,22
41,148727,15
29,91903,6
38,147708,14
48,163209,21
31,120288,8
45,170226,21
35,134979,11
42,137489,16
27,83577,4
33,117904,9
36,134482,11
54,184660,30
30,100151,5
26,88678,3
45,181285,21
38,154990,16
31,108204,7
42,175684,19
28,77766,5
48,192211,24
36,144647,13
43,162231,20
33,121120,9
26,79652,4
50,177002,21
27,87584,5
38,131860,13
54,182013,28
31,108799,7
36,135378,13
45,183530,22
42,150901,18
28,82697,4
48,194638,26
36,130356,12
43,152560,18
33,121432,9
26,63789,2
50,183690,23
41,151310,16
29,100358,6
38,148437,15
48,168691,22
31,,8
28,50000,1
32,100000,5
26,60000,2
33,90000,6
29,70000,3
42,170000,12
36,130000,8
27,50000,1
34,120000,7
29,80000,4
41,200000,16
34,100000,8
24,55000,2
36,170000,12
30,90000,5
29,80000,4
42,180000,14
26,60000,2
35,120000,9
27,70000,3
48,210000,18
34,140000,9
23,50000,1
32,110000,7
25,60000,2
37,160000,11
28,75000,4
41,200000,16
34,100000,8
24,55000,2
36,170000,12
30,90000,5
29,80000,4
42,180000,14
26,60000,2
35,120000,9
27,70000,3
48,210000,18
34,140000,9
23,50000,1
32,110000,7
25,60000,2
37,160000,11
28,75000,4
41,200000,16
34,100000,8
24,55000,2
36,170000,12
30,90000,5
29,80000,4
42,180000,14
26,60000,2
35,120000,9
27,70000,3
48,210000,18
34,140000,9
23,50000,1
32,110000,7
25,60000,2
37,160000,11
28,75000,4
41,200000,16
34,100000,8
24,55000,2
36,170000,12
30,90000,5
29,80000,4
42,180000,14
26,60000,2
35,120000,9
27,70000,3
48,210000,18
34,140000,9
23,50000,1
32,110000,7
25,60000,2
37,160000,11
28,75000,4
41,200000,16
34,100000,8
24,55000,2
36,170000,12
30,90000,5
29,80000,4
42,180000,14
26,60000,2
35,120000,9
27,70000,3
48,210000,18
34,140000,9
23,50000,1
32,110000,7
25,60000,2
37,160000,11
28,75000,4
41,200000,16
34,100000,8
24,55000,2
36,170000,12
30,90000,5
29,80000,4
42,180000,14
26,60000,2
35,120000,9
27,70000,3
48,210000,18
34,140000,9
23,50000,1
32,110000,7
25,60000,2
37,160000,11
28,75000,4
41,200000,16
34,100000,8
24,55000,2
36,170000,12
30,90000,5
29,80000,4
42,180000,14
26,60000,2
35,120000,9
27,70000,3
48,210000,18
34,140000,9
30,80000,4
29,70000,3
42,180000,14
26,60000,2
35,120000,9
27,70000,3
48,210000,18
34,140000,9
23,50000,1
32,110000,7
25,60000,2
37,160000,11
28,75000,4
41,200000,16
34,100000,8
24,55000,2
36,170000,12
30,90000,5
29,80000,4
42,180000,14
26,60000,2
35,120000,9
27,70000,3
48,210000,18
34,140000,9
23,50000,1
32,110000,7
25,60000,2
37,160000,11
28,75000,4
41,200000,16
34,100000,8
24,55000,2
36,170000,12
30,90000,5
29,80000,4
42,180000,14
26,60000,2
35,120000,9
27,70000,3
48,210000,18
34,140000,9
23,50000,1
32,110000,7
25,60000,2
37,160000,11
28,75000,4
41,200000,16
34,100000,8
24,55000,2
36,170000,12
30,90000,5
29,80000,4
42,180000,14
26,60000,2
35,120000,9
27,70000,3
48,210000,18
34,140000,9
23,50000,1
32,110000,7
25,60000,2
37,160000,11
28,75000,4
41,200000,16
34,100000,8
24,55000,2
36,170000,12
30,90000,5
29,80000,4
42,180000,14
26,60000,2
35,120000,9
27,70000,3
48,210000,18
34,140000,9
23,50000,1
32,110000,7
25,60000,2
37,160000,11
28,75000,4
41,200000,16
34,100000,8
24,55000,2
36,170000,12
30,90000,5
29,80000,4
42,180000,14
26,60000,2
35,120000,9
27,70000,3
48,210000,18
34,140000,9
23,50000,1
32,110000,7
25,60000,2
37,160000,11
28,75000,4
41,200000,16
34,100000,8
24,55000,2
36,170000,12
30,90000,5
29,80000,4
42,180000,14
26,60000,2
35,120000,9
27,70000,3
48,210000,18
34,140000,9
23,50000,1
32,110000,7
25,60000,2
37,160000,11
28,75000,4
41,200000,16
34,100000,8
24,55000,2
36,170000,12
30,90000,5
29,80000,4
42,180000,14
26,60000,2
35,120000,9
28,80000,5
30,60000,4
25,50000,2
45,160000,18
33,120000,9
22,40000,0
36,100000,10
29,75000,4
42,140000,16
27,50000,2
38,110000,11
24,45000,1
31,55000,4
39,130000,13
26,50000,2
32,80000,7
32,45000,2
24,32000,1
45,120000,12
29,65000,4
38,95000,8
27,80000,5
31,38000,3
42,110000,10
26,45000,2
36,89000,7
28,32000,1
33,70000,5
46,150000,15
25,40000,1
37,105000,9
30,65000,4
43,140000,14
34,50000,3
26,35000,2
41,115000,11
29,70000,5
35,80000,6
27,30000,1
40,135000,13
23,40000,1
39,105000,10
31,35000,2
44,120000,12
28,55000,3
32,45000,2
45,140000,14
26,55000,3
38,115000,11
27,70000,4
33,38000,3
42,135000,13
29,45000,2
36,85000,7
30,32000,1
43,150000,15
34,65000,4
25,32000,1
37,120000,12
24,40000,1
39,95000,9
31,35000,2
44,140000,14
28,55000,3
32,80000,6
45,135000,13
26,45000,2
38,95000,8
27,32000,1
33,70000,5
42,120000,12
29,70000,4
36,85000,7
30,33000,2
43,150000,15
34,50000,3
25,32000,1
37,115000,11
24,40000,1
39,105000,10
31,35000,2
44,135000,13
28,65000,4
32,80000,6
45,140000,14
26,45000,2
38,95000,8
27,32000,1
33,70000,5
42,120000,12
29,70000,4
36,85000,7
30,33000,2
43,150000,15
34,50000,3
25,32000,1
37,115000,11
24,40000,1
39,105000,10
31,35000,2
44,135000,13
28,65000,4
32,80000,6
45,140000,14
26,45000,2
38,95000,8
27,32000,1
33,70000,5
42,120000,12
29,70000,4
36,85000,7
30,33000,2
43,150000,15
34,50000,3
25,32000,1
37,115000,11
24,40000,1
39,105000,10
31,35000,2
44,135000,13
28,65000,4
32,80000,6
45,140000,14
26,45000,2
38,95000,8
27,32000,1
33,70000,5
42,120000,12
29,70000,4
36,85000,7
30,33000,2
43,150000,15
34,50000,3
25,32000,1
37,115000,11
32,45000,2
24,32000,1
45,120000,12
29,65000,4
38,95000,8
27,80000,5
31,38000,3
42,110000,10
26,45000,2
36,89000,7
28,32000,1
33,70000,5
46,150000,15
25,40000,1
37,105000,9
30,65000,4
43,140000,14
34,50000,3
26,35000,2
41,115000,11
29,70000,5
35,80000,6
27,30000,1
40,135000,13
23,40000,1
39,105000,10
31,35000,2
44,120000,12
28,55000,3
32,45000,2
45,140000,14
26,55000,3
38,115000,11
27,70000,4
33,38000,3
42,135000,13
29,45000,2
36,85000,7
30,32000,1
43,150000,15
34,65000,4
25,32000,1
37,120000,12
24,40000,1
39,95000,9
31,35000,2
44,140000,14
28,55000,3
32,80000,6
45,135000,13
26,45000,2
38,95000,8
27,32000,1
33,70000,5
42,120000,12
29,70000,4
36,85000,7
30,33000,2
43,150000,15
34,50000,3
25,32000,1
37,115000,11
24,40000,1
39,105000,10
31,35000,2
44,135000,13
28,65000,4
32,80000,6
45,140000,14
26,45000,2
38,95000,8
27,32000,1
33,70000,5
42,120000,12
29,70000,4
36,85000,7
30,33000,2
43,150000,15
34,50000,3
25,32000,1
37,115000,11
24,40000,1
39,105000,10
31,35000,2
44,135000,13
28,65000,4
32,80000,6
45,140000,14
26,45000,2
38,95000,8
27,32000,1
33,70000,5
42,120000,12
29,70000,4
36,85000,7
30,33000,2
43,150000,15
34,50000,3
25,32000,1
37,115000,11
24,40000,1
39,105000,10
31,35000,2
44,135000,13
28,65000,4
32,80000,6
45,140000,14
26,45000,2
38,95000,8
27,32000,1
33,70000,5
42,120000,12
29,70000,4
36,85000,7
30,33000,2
43,150000,15
34,50000,3
25,32000,1
37,115000,11
28,60000,3
37,100000,9
43,150000,15
31,55000,4
24,30000,1
29,70000,5
35,90000,8
26,40000,2
42,130000,12
34,75000,6
27,35000,2
38,110000,10
30,65000,4
45,180000,18
25,35000,1
40,120000,11
33,75000,6
29,30000,1
44,160000,16
26,60000,3
36,85000,8
31,70000,5
27,50000,3
42,140000,13
34,75000,6
28,35000,2
39,110000,10
31,65000,4
45,180000,18
25,35000,1
40,120000,11
33,75000,6
29,30000,1
44,160000,16
26,60000,3
36,85000,8
31,70000,5
27,50000,3
42,140000,13
34,75000,6
28,35000,2
39,110000,10
31,65000,4
45,180000,18
25,35000,1
40,120000,11
33,75000,6
29,30000,1
44,160000,16
26,60000,3
36,85000,8
31,70000,5
27,50000,3
42,140000,13
34,75000,6
28,35000,2
39,110000,10
31,65000,4
45,180000,18
25,35000,1
40,120000,11
33,75000,6
29,30000,1
44,160000,16
26,60000,3
36,85000,8
31,70000,5
27,50000,3
42,140000,13
34,75000,6
28,35000,2
39,110000,10
31,65000,4
45,180000,18
25,35000,1
40,120000,11
33,75000,6
29,30000,1
44,160000,16
26,60000,3
36,85000,8
31,70000,5
27,50000,3
42,140000,13
34,75000,6
28,35000,2
39,110000,10
31,65000,4
45,180000,18
25,35000,1
40,120000,11
33,75000,6
29,30000,1
44,160000,16
26,60000,3
36,85000,8
31,70000,5
27,50000,3
42,140000,13
34,75000,6
28,35000,2
39,110000,10
31,65000,4
45,180000,18
25,35000,1
40,120000,11
33,75000,6
29,30000,1
44,160000,16
26,60000,3
36,85000,8
31,70000,5
27,50000,3
42,140000,13
34,75000,6
28,35000,2
39,110000,10
31,65000,4
45,180000,18
25,35000,1
40,120000,11
33,75000,6
29,30000,1
44,160000,16
26,60000,3
27,60000,3
38,100000,9
44,150000,15
30,55000,4
23,30000,1
28,70000,5
34,90000,8
25,40000,2
41,130000,12
33,75000,6
26,35000,2
37,110000,10
29,65000,4
46,180000,18
26,35000,1
39,120000,11
32,75000,6
28,30000,1
43,160000,16
27,60000,3
35,85000,8
30,70000,5
26,50000,3
41,140000,13
33,75000,6
27,35000,2
38,110000,10
29,65000,4
46,180000,18
26,35000,1
39,120000,11
32,75000,6
28,30000,1
43,160000,16
27,60000,3
35,85000,8
30,70000,5
26,50000,3
41,140000,13
33,75000,6
27,35000,2
38,110000,10
29,65000,4
46,180000,18
26,35000,1
39,120000,11
32,75000,6
28,30000,1
43,160000,16
27,60000,3
35,85000,8
30,70000,5
26,50000,3
41,140000,13
33,75000,6
27,35000,2
38,110000,10
29,65000,4
46,180000,18
26,35000,1
39,120000,11
32,75000,6
28,30000,1
43,160000,16
27,60000,3
35,85000,8
30,70000,5
26,50000,3
41,140000,13
33,75000,6
27,35000,2
38,110000,10
29,65000,4
46,180000,18
26,35000,1
39,120000,11
32,75000,6
28,30000,1
43,160000,16
27,60000,3
35,85000,8
30,70000,5
26,50000,3
41,140000,13
33,75000,6
27,35000,2
38,110000,10
29,65000,4
46,180000,18
26,35000,1
39,120000,11
32,75000,6
28,30000,1
43,160000,16
27,60000,3
35,85000,8
30,70000,5
26,50000,3
41,140000,13
33,75000,6
27,35000,2
38,110000,10
29,65000,4
46,180000,18
26,35000,1
39,120000,11
32,75000,6
28,30000,1
43,160000,16
27,60000,3
35,85000,8
30,70000,5
26,50000,3
41,140000,13
33,75000,6
27,35000,2
38,110000,10
29,65000,4
46,180000,18
26,35000,1
39,120000,11
32,75000,6
28,30000,1
43,160000,16
27,60000,3
24,55000,2
32,90000,7
45,160000,16
28,60000,4
22,25000,1
29,70000,5
36,100000,8
27,45000,3
42,140000,14
34,75000,6
25,30000,2
39,120000,11
30,65000,4
47,190000,19
25,35000,1
40,130000,12
33,85000,7
29,25000,1
44,150000,15
28,60000,3
36,100000,9
31,75000,6
27,50000,3
42,140000,14
34,75000,6
26,30000,2
39,120000,11
30,65000,4
47,190000,19
25,35000,1
40,130000,12
33,85000,7
29,25000,1
44,150000,15
28,60000,3
36,100000,9
31,75000,6
27,50000,3
42,140000,14
34,75000,6
26,30000,2
39,120000,11
30,65000,4
47,190000,19
25,35000,1
40,130000,12
33,85000,7
29,25000,1
44,150000,15
28,60000,3
36,100000,9
31,75000,6
27,50000,3
42,140000,14
34,75000,6
26,30000,2
39,120000,11
30,65000,4
47,190000,19
25,35000,1
40,130000,12
33,85000,7
29,25000,1
44,150000,15
28,60000,3
36,100000,9
31,75000,6
27,50000,3
42,140000,14
34,75000,6
26,30000,2
39,120000,11
30,65000,4
47,190000,19
25,35000,1
40,130000,12
33,85000,7
29,25000,1
44,150000,15
28,60000,3
36,100000,9
31,75000,6
27,50000,3
42,140000,14
34,75000,6
26,30000,2
39,120000,11
30,65000,4
47,190000,19
25,35000,1
40,130000,12
33,85000,7
29,25000,1
44,150000,15
28,60000,3
36,100000,9
31,75000,6
27,50000,3
42,140000,14
34,75000,6
26,30000,2
39,120000,11
30,65000,4
47,190000,19
25,35000,1
40,130000,12
33,85000,7
29,25000,1
44,150000,15
28,60000,3
36,100000,9
31,75000,6
27,50000,3
42,140000,14
34,75000,6
26,30000,2
39,120000,11
30,65000,4
47,190000,19
25,35000,1
40,130000,12
33,85000,7
29,25000,1
44,150000,15
28,60000,3
31,80000,5
27,60000,3
38,130000,12
29,45000,2
23,25000,1
32,90000,7
44,170000,18
26,40000,2
40,150000,15
33,95000,8
24,25000,1
35,110000,10
29,70000,4
49,220000,22
26,35000,2
41,140000,13
36,110000,9
28,25000,1
43,160000,16
29,80000,5
39,120000,11
32,90000,6
28,45000,2
40,150000,15
33,95000,8
24,25000,1
35,110000,10
29,70000,4
49,220000,22
26,35000,2
41,140000,13
36,110000,9
28,25000,1
43,160000,16
29,80000,5
39,120000,11
32,90000,6
28,45000,2
40,150000,15
33,95000,8
24,25000,1
35,110000,10
29,70000,4
49,220000,22
26,35000,2
41,140000,13
36,110000,9
28,25000,1
43,160000,16
29,80000,5
39,120000,11
32,90000,6
28,45000,2
40,150000,15
33,95000,8
24,25000,1
35,110000,10
29,70000,4
49,220000,22
26,35000,2
41,140000,13
36,110000,9
28,25000,1
43,160000,16
29,80000,5
39,120000,11
32,90000,6
28,45000,2
40,150000,15
33,95000,8
24,25000,1
35,110000,10
29,70000,4
49,220000,22
26,35000,2
41,140000,13
36,110000,9
28,25000,1
43,160000,16
29,80000,5
39,120000,11
32,90000,6
28,45000,2
40,150000,15
33,95000,8
24,25000,1
35,110000,10
29,70000,4
49,220000,22
26,35000,2
41,140000,13
36,110000,9
28,25000,1
43,160000,16
29,80000,5
39,120000,11
32,90000,6
28,45000,2
40,150000,15
33,95000,8
24,25000,1
35,110000,10
29,70000,4
49,220000,22
26,35000,2
41,140000,13
36,110000,9
28,25000,1
43,160000,16
29,80000,5
39,120000,11
32,90000,6
28,45000,2
40,150000,15
33,95000,8
24,25000,1
35,110000,10
29,70000,4
49,220000,22
26,35000,2
41,140000,13
36,110000,9
28,25000,1
43,160000,16
29,80000,5
34,85000,6
31,62000,4
41,138000,13
27,47000,2
25,26000,1
33,95000,8
45,174000,19
28,41000,2
42,162000,16
34,99000,9
23,26000,1
36,117000,11
30,75000,5
50,225000,23
27,36000,2
43,146000,14
37,113000,10
29,26000,1
44,168000,17
30,85000,6
40,122000,12
33,96000,7
29,49000,3
43,162000,16
34,99000,9
23,26000,1
36,117000,11
30,75000,5
50,225000,23
27,36000,2
43,146000,14
37,113000,10
29,26000,1
44,168000,17
30,85000,6
40,122000,12
33,96000,7
29,49000,3
43,162000,16
34,99000,9
23,26000,1
36,117000,11
30,75000,5
50,225000,23
27,36000,2
43,146000,14
37,113000,10
29,26000,1
44,168000,17
30,85000,6
40,122000,12
33,96000,7
29,49000,3
43,162000,16
34,99000,9
23,26000,1
36,117000,11
30,75000,5
50,225000,23
27,36000,2
43,146000,14
37,113000,10
29,26000,1
44,168000,17
30,85000,6
40,122000,12
33,96000,7
29,49000,3
43,162000,16
34,99000,9
23,26000,1
36,117000,11
30,75000,5
50,225000,23
27,36000,2
43,146000,14
37,113000,10
29,26000,1
44,168000,17
30,85000,6
40,122000,12
33,96000,7
29,49000,3
43,162000,16
34,99000,9
23,26000,1
36,117000,11
30,75000,5
50,225000,23
27,36000,2
43,146000,14
37,113000,10
29,26000,1
44,168000,17
30,85000,6
40,122000,12
33,96000,7
29,49000,3
43,162000,16
34,99000,9
23,26000,1
36,117000,11
30,75000,5
50,225000,23
27,36000,2
43,146000,14
37,113000,10
29,26000,1
44,168000,17
30,85000,6
40,122000,12
33,96000,7
29,49000,3
43,162000,16
34,99000,9
23,26000,1
36,117000,11
30,75000,5
50,225000,23
27,36000,2
43,146000,14
37,113000,10
29,26000,1
44,168000,17
30,85000,6
32,95000,8
46,180000,18
28,41000,2
24,26000,1
31,68000,5
39,127000,13
25,47000,2
41,155000,15
35,92000,8
26,26000,1
37,125000,12
29,71000,4
51,240000,24
28,36000,2
44,152000,15
38,119000,11
30,26000,1
45,190000,19
31,85000,6
41,131000,13
34,101000,8
30,49000,3
44,182000,18
35,92000,8
26,26000,1
37,125000,12
29,71000,4
51,240000,24
28,36000,2
44,152000,15
38,119000,11
30,26000,1
45,190000,19
31,85000,6
41,131000,13
34,101000,8
30,49000,3
44,182000,18
35,92000,8
26,26000,1
37,125000,12
29,71000,4
51,240000,24
28,36000,2
44,152000,15
38,119000,11
30,26000,1
45,190000,19
31,85000,6
41,131000,13
34,101000,8
30,49000,3
44,182000,18
35,92000,8
26,26000,1
37,125000,12
29,71000,4
51,240000,24
28,36000,2
44,152000,15
38,119000,11
30,26000,1
45,190000,19
31,85000,6
41,131000,13
34,101000,8
30,49000,3
44,182000,18
35,92000,8
26,26000,1
37,125000,12
29,71000,4
51,240000,24
28,36000,2
44,152000,15
38,119000,11
30,26000,1
45,190000,19
31,85000,6
41,131000,13
34,101000,8
30,49000,3
44,182000,18
35,92000,8
26,26000,1
37,125000,12
29,71000,4
51,240000,24
28,36000,2
44,152000,15
38,119000,11
30,26000,1
45,190000,19
31,85000,6
41,131000,13
34,101000,8
30,49000,3
44,182000,18
35,92000,8
26,26000,1
37,125000,12
29,71000,4
51,240000,24
28,36000,2
44,152000,15
38,119000,11
30,26000,1
45,190000,19
31,85000,6
41,131000,13
34,101000,8
30,49000,3
44,182000,18
35,92000,8
26,26000,1
37,125000,12
29,71000,4
51,240000,24
28,36000,2
44,152000,15
38,119000,11
30,26000,1
45,190000,19
31,85000,6
41,131000,13
27,62000,3
42,137000,16
35,112000,9
29,45000,2
33,25000,1
36,91000,7
43,179000,17
31,74000,5
49,228000,23
28,37000,2
45,193000,19
38,119000,11
30,25000,1
45,204000,20
27,61000,3
41,157000,15
35,92000,8
26,52000,1
30,58000,4
48,219000,22
32,77000,6
34,104000,8
31,25000,1
45,204000,20
28,37000,2
44,183000,18
38,119000,11
30,25000,1
45,204000,20
27,61000,3
41,157000,15
35,92000,8
26,52000,1
30,58000,4
48,219000,22
32,77000,6
34,104000,8
31,25000,1
45,204000,20
28,37000,2
44,183000,18
38,119000,11
30,25000,1
45,204000,20
27,61000,3
41,157000,15
35,92000,8
26,52000,1
30,58000,4
48,219000,22
32,77000,6
34,104000,8
31,25000,1
45,204000,20
28,37000,2
44,183000,18
38,119000,11
30,25000,1
45,204000,20
27,61000,3
41,157000,15
35,92000,8
26,52000,1
30,58000,4
48,219000,22
32,77000,6
34,104000,8
31,25000,1
45,204000,20
28,37000,2
44,183000,18
38,119000,11
30,25000,1
45,204000,20
27,61000,3
41,157000,15
35,92000,8
26,52000,1
30,58000,4
48,219000,22
32,77000,6
34,104000,8
31,25000,1
45,204000,20
28,37000,2
44,183000,18
38,119000,11
30,25000,1
45,204000,20
27,61000,3
41,157000,15
35,92000,8
26,52000,1
30,58000,4
48,219000,22
32,77000,6
34,104000,8
31,25000,1
45,204000,20
28,37000,2
44,183000,18
38,119000,11
30,25000,1
45,204000,20
27,61000,3
41,157000,15
35,92000,8
26,52000,1
30,58000,4
48,219000,22
32,77000,6
34,104000,8
31,25000,1
45,204000,20
28,37000,2
44,183000,18
38,119000,11
30,25000,1
45,204000,20
27,61000,3
41,157000,15
35,92000,8
26,52000,1
30,58000,4
48,219000,22
32,77000,6
31,95000,6
28,45000,2
29,70000,4
35,110000,10
26,35000,1
32,60000,5
27,50000,2
39,120000,12
23,32000,1
30,65000,4
26,35000,1
42,130000,14
34,95000,9
28,43000,2
31,50000,4
29,60000,3
35,80000,8
26,48000,2
40,125000,13
34,85000,7
26,42000,2
29,70000,4
25,32000,1
33,80000,6
27,42000,2
31,90000,7
29,65000,4
24,40000,1
42,110000,12
34,105000,10
28,50000,3
33,95000,8
29,60000,3
25,40000,2
26,55000,2
30,70000,5
24,32000,1
31,90000,7
27,50000,2
35,110000,10
26,32000,1
32,80000,6
29,70000,4
25,45000,2
33,65000,7
27,50000,2
28,45000,3
34,95000,9
30,65000,4
26,38000,2
42,125000,13
34,90000,8
28,43000,2
31,60000,5
29,60000,3
35,110000,10
26,35000,1
32,95000,6
27,42000,2
39,100000,11
23,32000,1
30,65000,4
26,42000,2
42,130000,14
34,95000,9
28,43000,2
31,50000,4
29,60000,3
35,80000,8
26,48000,2
40,125000,13
34,85000,7
26,42000,2
29,70000,4
25,32000,1
33,80000,6
27,42000,2
31,90000,7
29,65000,4
24,40000,1
42,110000,12
34,105000,10
28,50000,3
33,95000,8
29,60000,3
25,40000,2
26,55000,2
30,70000,5
24,32000,1
31,90000,7
27,50000,2
35,110000,10
26,32000,1
32,80000,6
29,70000,4
25,45000,2
33,65000,7
27,50000,2
28,45000,3
34,95000,9
30,65000,4
26,38000,2
42,125000,13
34,90000,8
28,43000,2
31,60000,5
29,60000,3
35,110000,10
26,35000,1
32,95000,6
27,42000,2
39,100000,11
23,32000,1
30,65000,4
26,42000,2
42,130000,14
34,95000,9
28,43000,2
31,500,4
27,45000,1
33,120000,8
29,55000,3
31,70000,5
38,140000,12
25,30000,1
32,100000,7
27,50000,2
29,55000,3
35,130000,10
26,45000,1
33,120000,8
29,55000,3
31,70000,5
38,140000,12
25,30000,1
32,100000,7
27,50000,2
29,55000,3
35,130000,10
26,45000,1
33,120000,8
29,55000,3
31,70000,5
38,140000,12
25,30000,1
32,100000,7
27,50000,2
29,55000,3
35,130000,10
26,45000,1
33,120000,8
29,55000,3
31,70000,5
38,140000,12
25,30000,1
32,100000,7
27,50000,2
29,55000,3
35,130000,10
26,45000,1
33,120000,8
29,55000,3
31,70000,5
38,140000,12
25,30000,1
32,100000,7
27,50000,2
29,55000,3
35,130000,10
26,45000,1
33,120000,8
29,55000,3
31,70000,5
38,140000,12
25,30000,1
32,100000,7
27,50000,2
29,55000,3
35,130000,10
26,45000,1
33,120000,8
29,55000,3
31,70000,5
38,140000,12
25,30000,1
32,100000,7
27,50000,2
29,55000,3
35,130000,10
26,45000,1
33,120000,8
29,55000,3
31,70000,5
38,140000,12
25,30000,1
32,100000,7
27,50000,2
29,55000,3
35,130000,10
26,45000,1
33,120000,8
29,55000,3
31,70000,5
38,140000,12
25,30000,1
32,100000,7
27,50000,2
29,55000,3
35,130000,10
26,45000,1
33,120000,8
29,55000,3
31,70000,5
38,140000,12
25,30000,1
32,100000,7
27,50000,2
29,55000,3
35,130000,10
26,45000,1
33,120000,8
29,55000,3
31,70000,5
38,140000,12
25,30000,1
32,100000,7
27,50000,2
29,55000,3
35,130000,10
26,45000,1
33,120000,8
29,55000,3
31,70000,5
38,140000,12
25,30000,1
32,100000,7
27,50000,2
29,55000,3
35,130000,10
26,45000,1
28,48000,2
36,125000,9
30,57000,4
32,72000,6
39,145000,13
26,31000,2
33,105000,8
28,52000,3
30,57000,4
36,135000,11
27,48000,2
34,125000,9
30,57000,4
32,72000,6
39,145000,13
26,31000,2
33,105000,8
28,52000,3
30,57000,4
36,135000,11
27,48000,2
34,125000,9
30,57000,4
32,72000,6
39,145000,13
26,31000,2
33,105000,8
28,52000,3
30,57000,4
36,135000,11
27,48000,2
34,125000,9
30,57000,4
32,72000,6
39,145000,13
26,31000,2
33,105000,8
28,52000,3
30,57000,4
36,135000,11
27,48000,2
34,125000,9
30,57000,4
32,72000,6
39,145000,13
26,31000,2
33,105000,8
28,52000,3
30,57000,4
36,135000,11
27,48000,2
34,125000,9
30,57000,4
32,72000,6
39,145000,13
26,31000,2
33,105000,8
28,52000,3
30,57000,4
36,135000,11
27,48000,2
34,125000,9
30,57000,4
32,72000,6
39,145000,13
26,31000,2
33,105000,8
28,52000,3
30,57000,4
36,135000,11
27,48000,2
34,125000,9
30,57000,4
32,72000,6
39,145000,13
26,31000,2
33,105000,8
28,52000,3
30,57000,4
36,135000,11
27,48000,2
34,125000,9
30,57000,4
32,72000,6
39,145000,13
26,31000,2
33,105000,8
28,52000,3
30,57000,4
36,135000,11
27,48000,2
34,125000,9
30,57000,4
32,72000,6
39,145000,13
26,31000,2
33,105000,8
28,52000,3
30,57000,4
36,135000,11
27,48000,2
34,125000,9
30,57000,4
32,72000,6
39,145000,13
26,31000,2
33,105000,8
28,52000,3
30,57000,4
36,135000,11
27,48000,2
34,125000,9
30,57000,4
32,72000,6
39,145000,13
26,31000,2
33,105000,8
28,52000,3
30,57000,4
36,135000,11
27,48000,2
26,85000,5
28,110000,7
34,170000,12
31,140000,9
24,30000,1
29,95000,6
27,80000,4
33,155000,10
21,25000,0
36,160000,11
25,65000,3
30,120000,7
28,105000,6
26,85000,5
28,110000,7
34,170000,12
31,140000,9
24,30000,1
29,95000,6
27,80000,4
33,155000,10
21,25000,0
36,160000,11
25,65000,3
30,120000,7
28,105000,6
26,85000,5
28,110000,7
34,170000,12
31,140000,9
24,30000,1
29,95000,6
27,80000,4
33,155000,10
21,25000,0
36,160000,11
25,65000,3
30,120000,7
28,105000,6
26,85000,5
28,110000,7
34,170000,12
31,140000,9
24,30000,1
29,95000,6
27,80000,4
33,155000,10
21,25000,0
36,160000,11
25,65000,3
30,120000,7
28,105000,6
26,85000,5
28,110000,7
34,170000,12
31,140000,9
24,30000,1
29,95000,6
27,80000,4
33,155000,10
21,25000,0
36,160000,11
25,65000,3
30,120000,7
28,105000,6
26,85000,5
28,110000,7
34,170000,12
31,140000,9
24,30000,1
29,95000,6
27,80000,4
33,155000,10
21,25000,0
36,160000,11
25,65000,3
30,120000,7
28,105000,6
26,85000,5
28,110000,7
34,170000,12
31,140000,9
24,30000,1
29,95000,6
27,80000,4
33,155000,10
21,25000,0
36,160000,11
25,65000,3
30,120000,7
28,105000,6
26,85000,5
28,110000,7
34,170000,12
31,140000,9
24,30000,1
29,95000,6
27,80000,4
33,155000,10
21,25000,0
36,160000,11
25,65000,3
30,120000,7
28,105000,6
26,85000,5
28,110000,7
34,170000,12
31,140000,9
24,30000,1
29,95000,6
27,80000,4
33,155000,10
21,25000,0
36,160000,11
25,65000,3
30,120000,7
28,105000,6
26,85000,5
28,110000,7
34,170000,12
31,140000,9
24,30000,1
29,95000,6
27,80000,4
22,25000,0
45,250000,21
31,120000,8
28,80000,4
29,100000,6
35,170000,12
27,50000,3
33,140000,9
30,120000,7
25,55000,2
26,85000,5
29,80000,4
34,170000,12
31,140000,9
24,30000,1
29,95000,6
27,80000,4
33,155000,10
21,25000,0
36,160000,11
25,65000,3
30,120000,7
28,105000,6
26,85000,5
28,110000,7
34,170000,12
31,140000,9
24,30000,1
29,95000,6
27,80000,4
33,155000,10
21,25000,0
36,160000,11
25,65000,3
30,120000,7
28,105000,6
26,85000,5
28,110000,7
34,170000,12
31,140000,9
24,30000,1
29,95000,6
27,80000,4
33,155000,10
21,25000,0
36,160000,11
25,65000,3
30,120000,7
28,105000,6
26,85000,5
28,110000,7
34,170000,12
31,140000,9
24,30000,1
29,95000,6
27,80000,4
33,155000,10
21,25000,0
36,160000,11
25,65000,3
30,120000,7
28,105000,6
26,85000,5
28,110000,7
34,170000,12
31,140000,9
24,30000,1
29,95000,6
27,80000,4
33,155000,10
21,25000,0
36,160000,11
25,65000,3
30,120000,7
28,105000,6
26,85000,5
28,110000,7
34,170000,12
31,140000,9
24,30000,1
29,95000,6
27,80000,4
33,155000,10
21,25000,0
36,160000,11
25,65000,3
30,120000,7
28,105000,6
26,85000,5
28,110000,7
34,170000,12
31,140000,9
24,30000,1
29,95000,6
27,80000,4
33,155000,10
21,25000,0
36,160000,11
25,65000,3
30,120000,7
28,105000,6
26,85000,5
28,110000,7
34,170000,12
31,140000,9
24,30000,1
29,95000,6
27,80000,4
33,155000,10
21,25000,0
36,160000,11
25,65000,3
30,120000,7
28,105000,6
26,85000,5
28,110000,7
34,170000,12
31,140000,9
24,30000,1
29,95000,6
27,80000,4
33,155000,10
21,25000,0
36,160000,11
23,60000,1
39,150000,12
28,80000,4
31,120000,8
35,130000,10
27,50000,2
42,180000,18
29,60000,3
33,110000,7
24,25000,0
30,100000,6
26,55000,3
32,140000,9
22,25000,0
37,150000,12
38,170000,14
25,55000,1
29,65000,4
27,60000,3
34,150000,10
26,50000,2
31,120000,7
25,55000,1
29,65000,4
27,60000,3
34,150000,10
26,50000,2
31,120000,7
23,60000,1
39,150000,12
28,80000,4
31,120000,8
35,130000,10
27,50000,2
42,180000,18
29,60000,3
33,110000,7
24,25000,0
30,100000,6
26,55000,3
32,140000,9
22,25000,0
37,150000,12
38,170000,14
25,55000,1
29,65000,4
27,60000,3
34,150000,10
26,50000,2
31,120000,7
25,55000,1
29,65000,4
27,60000,3
34,150000,10
26,50000,2
31,120000,7
23,60000,1
39,150000,12
28,80000,4
31,120000,8
35,130000,10
27,50000,2
42,180000,18
29,60000,3
33,110000,7
24,25000,0
30,100000,6
26,55000,3
32,140000,9
22,25000,0
37,150000,12
38,170000,14
25,55000,1
29,65000,4
27,60000,3
34,150000,10
26,50000,2
31,120000,7
25,55000,1
29,65000,4
27,60000,3
34,150000,10
26,50000,2
31,120000,7
23,60000,1
39,150000,12
28,80000,4
31,120000,8
35,130000,10
27,50000,2
42,180000,18
29,60000,3
33,110000,7
24,25000,0
30,100000,6
26,55000,3
32,140000,9
22,25000,0
37,150000,12
38,170000,14
25,55000,1
29,65000,4
27,60000,3
34,150000,10
26,50000,2
31,120000,7
25,55000,1
29,65000,4
27,60000,3
34,150000,10
26,50000,2
31,120000,7
23,60000,1
39,150000,12
28,80000,4
31,120000,8
35,130000,10
27,50000,2
42,180000,18
29,60000,3
33,110000,7
24,25000,0
30,100000,6
26,,
28,85000,3
36,160000,11
25,55000,1
29,100000,5
33,120000,8
27,50000,2
43,185000,19
30,65000,4
34,130000,9
25,25000,0
31,100000,6
27,55000,3
33,150000,10
23,25000,0
38,160000,13
39,170000,14
26,55000,1
30,65000,4
28,60000,3
35,160000,11
27,50000,2
32,120000,8
26,55000,1
30,65000,4
28,60000,3
35,160000,11
27,50000,2
32,120000,8
28,85000,3
36,160000,11
25,55000,1
29,100000,5
33,120000,8
27,50000,2
43,185000,19
30,65000,4
34,130000,9
25,25000,0
31,100000,6
27,55000,3
33,150000,10
23,25000,0
38,160000,13
39,170000,14
26,55000,1
30,65000,4
28,60000,3
35,160000,11
27,50000,2
32,120000,8
26,55000,1
30,65000,4
28,60000,3
35,160000,11
27,50000,2
32,120000,8
28,85000,3
36,160000,11
25,55000,1
29,100000,5
33,120000,8
27,50000,2
43,185000,19
30,65000,4
34,130000,9
25,25000,0
31,100000,6
27,55000,3
33,150000,10
23,25000,0
38,160000,13
39,170000,14
26,55000,1
30,65000,4
28,60000,3
35,160000,11
27,50000,2
32,120000,8
26,55000,1
30,65000,4
28,60000,3
35,160000,11
27,50000,2
32,120000,8
28,85000,3
36,160000,11
25,55000,1
29,100000,5
33,120000,8
27,50000,2
43,185000,19
30,65000,4
34,130000,9
25,25000,0
31,100000,6
27,55000,3
33,150000,10
23,25000,0
38,160000,13
39,170000,14
26,55000,1
30,65000,4
28,60000,3
35,160000,11
27,50000,2
32,120000,8
26,55000,1
30,65000,4
28,60000,3
35,160000,11
27,50000,2
32,120000,8
28,85000,3
36,160000,11
25,55000,1
29,100000,5
33,120000,8
27,50000,2
43,185000,19
30,65000,4
34,130000,9
25,25000,0
31,100000,6
27,55000,3
33,150000,10
27,85000,3
35,160000,11
24,55000,1
28,100000,5
32,120000,8
26,50000,2
41,185000,19
29,65000,4
33,130000,9
24,25000,0
30,100000,6
26,55000,3
32,150000,10
22,25000,0
37,160000,13
38,170000,14
27,55000,1
31,65000,4
29,60000,3
34,160000,11
26,50000,2
31,120000,8
27,55000,1
31,65000,4
29,60000,3
34,160000,11
26,50000,2
31,120000,8
27,85000,3
35,160000,11
24,55000,1
28,100000,5
32,120000,8
26,50000,2
41,185000,19
29,65000,4
33,130000,9
24,25000,0
30,100000,6
26,55000,3
32,150000,10
22,25000,0
37,160000,13
38,170000,14
27,55000,1
31,65000,4
29,60000,3
34,160000,11
26,50000,2
31,120000,8
27,55000,1
31,65000,4
29,60000,3
34,160000,11
26,50000,2
31,120000,8
27,85000,3
35,160000,11
24,55000,1
28,100000,5
32,120000,8
26,50000,2
41,185000,19
29,65000,4
33,130000,9
24,25000,0
30,100000,6
26,55000,3
32,150000,10
22,25000,0
37,160000,13
38,170000,14
27,55000,1
31,65000,4
29,60000,3
34,160000,11
26,50000,2
31,120000,8
27,55000,1
31,65000,4
29,60000,3
34,160000,11
26,50000,2
31,120000,8
27,85000,3
35,160000,11
24,55000,1
28,100000,5
32,120000,8
26,50000,2
41,185000,19
29,65000,4
33,130000,9
24,25000,0
30,100000,6
26,55000,3
32,150000,10
22,25000,0
37,160000,13
38,170000,14
27,55000,1
31,65000,4
29,60000,3
34,160000,11
26,50000,2
31,120000,8
27,55000,1
31,65000,4
29,60000,3
34,160000,11
26,50000,2
31,120000,8
27,85000,3
35,160000,11
24,55000,1
28,100000,5
32,120000,8
26,50000,2
41,185000,19
29,65000,4
33,130000,9
24,25000,0
30,100000,6
26,100000,7
31,120000,7
26,50000,2
33,130000,9
29,35000,3
36,160000,13
27,50000,2
31,100000,6
28,80000,4
25,60000,1
30,90000,5
34,170000,11
28,60000,3
32,120000,7
24,25000,0
37,180000,14
39,200000,16
26,50000,2
31,140000,8
29,70000,4
33,130000,9
27,80000,3
36,160000,12
25,55000,1
30,85000,5
34,170000,11
28,60000,3
32,120000,7
24,25000,0
37,180000,14
39,200000,16
26,50000,2
31,140000,8
29,70000,4
33,130000,9
27,80000,3
36,160000,12
25,55000,1
30,85000,5
34,170000,11
28,60000,3
32,120000,7
24,25000,0
37,180000,14
39,200000,16
26,50000,2
31,140000,8
29,70000,4
33,130000,9
27,80000,3
36,160000,12
25,55000,1
30,85000,5
34,170000,11
28,60000,3
32,120000,7
24,25000,0
37,180000,14
39,200000,16
26,50000,2
31,140000,8
29,70000,4
33,130000,9
27,80000,3
36,160000,12
25,55000,1
30,85000,5
34,170000,11
28,60000,3
32,120000,7
24,25000,0
37,180000,14
39,200000,16
26,50000,2
31,140000,8
29,70000,4
33,130000,9
27,80000,3
36,160000,12
25,55000,1
30,85000,5
34,170000,11
28,60000,3
32,120000,7
24,25000,0
37,180000,14
39,200000,16
26,50000,2
31,140000,8
29,70000,4
33,130000,9
27,80000,3
36,160000,12
25,55000,1
30,85000,5
34,170000,11
28,60000,3
32,120000,7
24,25000,0
37,180000,14
39,200000,16
26,50000,2
31,140000,8
29,70000,4
33,130000,9
27,80000,3
36,160000,12
25,55000,1
30,85000,5
34,170000,11
28,60000,3
32,120000,7
24,25000,0
37,180000,14
39,200000,16
26,50000,2
31,140000,8
29,70000,4
33,130000,9
27,80000,3
36,160000,12
25,55000,1
30,85000,5
34,170000,11
28,60000,3
32,120000,7
24,25000,0
37,180000,14
28,60000,3
33,120000,9
26,45000,1
29,80000,5
35,150000,11
27,65000,2
31,100000,7
28,90000,4
24,40000,0
30,110000,6
34,170000,12
27,75000,3
33,120000,8
29,70000,4
25,30000,1
36,180000,13
39,200000,15
26,50000,1
31,140000,8
28,65000,3
32,110000,7
24,28000,0
37,190000,14
39,210000,16
26,55000,2
31,140000,8
29,70000,4
33,130000,9
27,80000,3
36,170000,12
25,60000,1
30,90000,5
34,160000,11
28,60000,3
32,120000,7
24,25000,0
37,190000,14
39,200000,16
26,55000,2
31,140000,8
29,70000,4
33,130000,9
27,80000,3
36,170000,12
25,60000,1
30,90000,5
34,160000,11
28,60000,3
32,120000,7
24,25000,0
37,190000,14
39,200000,16
26,55000,2
31,140000,8
29,70000,4
33,130000,9
27,80000,3
36,170000,12
25,60000,1
30,90000,5
34,160000,11
28,60000,3
32,120000,7
24,25000,0
37,190000,14
39,200000,16
26,55000,2
31,140000,8
29,70000,4
33,130000,9
27,80000,3
36,170000,12
25,60000,1
30,90000,5
34,160000,11
28,60000,3
32,120000,7
24,25000,0
37,190000,14
39,200000,16
26,55000,2
31,140000,8
29,70000,4
33,130000,9
27,80000,3
36,170000,12
25,60000,1
30,90000,5
34,160000,11
28,60000,3
32,120000,7
24,25000,0
37,190000,14
39,200000,16
26,55000,2
31,140000,8
29,70000,4
33,130000,9
27,80000,3
36,170000,12
25,60000,1
30,90000,5
34,160000,11
28,60000,3
32,120000,7
24,25000,0
37,190000,14
39,200000,16
26,55000,2
31,140000,8
29,70000,4
33,130000,9
27,80000,3
36,170000,12
25,60000,1
30,90000,5
34,160000,11
28,60000,3
32,120000,7
24,25000,0
37,190000,14
39,200000,16
26,55000,2
31,140000,8
29,70000,4
33,130000,9
27,80000,3
29,75000,3
32,120000,8
27,65000,2
30,100000,6
36,150000,11
28,60000,3
33,120000,9
26,45000,1
29,80000,5
35,150000,11
27,65000,2
31,100000,7
28,90000,4
24,40000,0
30,110000,6
34,170000,12
27,75000,3
33,120000,8
29,70000,4
25,30000,1
36,180000,13
39,200000,15
26,50000,1
31,140000,8
28,65000,3
32,110000,7
24,28000,0
37,190000,14
39,210000,16
26,55000,2
31,140000,8
29,70000,4
33,130000,9
27,80000,3
36,170000,12
25,60000,1
30,90000,5
34,160000,11
28,60000,3
32,120000,7
24,25000,0
37,190000,14
39,200000,16
26,55000,2
31,140000,8
29,70000,4
33,130000,9
27,80000,3
36,170000,12
25,60000,1
30,90000,5
34,160000,11
28,60000,3
32,120000,7
24,25000,0
37,190000,14
39,200000,16
26,55000,2
31,140000,8
29,70000,4
33,130000,9
27,80000,3
36,170000,12
25,60000,1
30,90000,5
34,160000,11
28,60000,3
32,120000,7
24,25000,0
37,190000,14
39,200000,16
26,55000,2
31,140000,8
29,70000,4
33,130000,9
27,80000,3
36,170000,12
25,60000,1
30,90000,5
34,160000,11
28,60000,3
32,120000,7
24,25000,0
37,190000,14
39,200000,16
26,55000,2
31,140000,8
29,70000,4
33,130000,9
27,80000,3
36,170000,12
25,60000,1
30,90000,5
34,160000,11
28,60000,3
32,120000,7
24,25000,0
37,190000,14
39,200000,16
26,55000,2
31,140000,8
29,70000,4
33,130000,9
27,80000,3
36,170000,12
25,60000,1
30,90000,5
34,160000,11
28,60000,3
32,120000,7
24,25000,0
37,190000,14
39,200000,16
26,55000,2
31,140000,8
29,70000,4
33,130000,9
27,80000,3
36,170000,12
25,60000,1
30,90000,5
34,160000,11
28,60000,3
32,120000,7
24,25000,0
37,190000,14
39,200000,16
27,120000,7
28,60000,3
33,120000,8
27,65000,2
30,100000,6
36,150000,11
29,65000,3
32,120000,9
26,45000,1
29,80000,5
35,150000,11
27,65000,2
31,100000,7
28,90000,4
24,40000,0
30,110000,6
34,170000,12
27,75000,3
33,120000,8
29,70000,4
25,30000,1
36,180000,13
39,200000,15
26,50000,1
31,140000,8
28,65000,3
32,110000,7
24,28000,0
37,190000,14
39,210000,16
26,55000,2
31,140000,8
29,70000,4
33,130000,9
27,80000,3
36,170000,12
25,60000,1
30,90000,5
34,160000,11
28,60000,3
32,120000,7
24,25000,0
37,190000,14
39,200000,16
26,55000,2
31,140000,8
29,70000,4
33,130000,9
27,80000,3
36,170000,12
25,60000,1
30,90000,5
34,160000,11
28,60000,3
32,120000,7
24,25000,0
37,190000,14
39,200000,16
26,55000,2
31,140000,8
29,70000,4
33,130000,9
27,80000,3
36,170000,12
25,60000,1
30,90000,5
34,160000,11
28,60000,3
32,120000,7
24,25000,0
37,190000,14
39,200000,16
26,55000,2
31,140000,8
29,70000,4
33,130000,9
27,80000,3
36,170000,12
25,60000,1
30,90000,5
34,160000,11
28,60000,3
32,120000,7
24,25000,0
37,190000,14
39,200000,16
26,55000,2
31,140000,8
29,70000,4
33,130000,9
27,80000,3
36,170000,12
25,60000,1
30,90000,5
34,160000,11
28,60000,3
32,120000,7
24,25000,0
37,190000,14
39,200000,16
26,55000,2
31,140000,8
29,70000,4
33,130000,9
27,80000,3
36,170000,12
25,60000,1
30,90000,5
34,160000,11
28,60000,3
32,120000,7
24,25000,0
37,190000,14
39,200000,16
26,55000,2
31,140000,8
29,70000,4
33,130000,9
27,80000,3
36,170000,12
25,60000,1
30,90000,5
34,160000,11
28,60000,3
32,120000,7
24,25000,0
37,190000,14
39,200000,16
29,65000,4
34,125000,9
28,70000,3
31,110000,7
37,160000,12
30,75000,4
33,120000,8
27,50000,2
30,85000,5
36,155000,11
28,70000,3
32,115000,8
29,95000,5
25,40000,0
31,115000,6
35,175000,12
28,70000,3
33,135000,9
29,75000,4
25,30000,1
36,185000,13
40,210000,15
27,45000,1
32,145000,9
28,70000,3
32,120000,7
24,28000,0
38,195000,14
40,215000,16
27,55000,2
32,145000,9
29,75000,4
33,135000,9
27,80000,3
36,185000,13
25,60000,1
30,95000,5
34,170000,12
28,65000,3
32,120000,7
24,25000,0
38,195000,14
40,215000,16
27,55000,2
32,145000,9
29,75000,4
33,135000,9
27,80000,3
36,185000,13
25,60000,1
30,95000,5
34,170000,12
28,65000,3
32,120000,7
24,25000,0
38,195000,14
40,215000,16
27,55000,2
32,145000,9
29,75000,4
33,135000,9
27,80000,3
36,185000,13
25,60000,1
30,95000,5
34,170000,12
28,65000,3
32,120000,7
24,25000,0
38,195000,14
40,215000,16
27,55000,2
32,145000,9
29,75000,4
33,135000,9
27,80000,3
36,185000,13
25,60000,1
30,95000,5
34,170000,12
28,65000,3
32,120000,7
24,25000,0
38,195000,14
40,215000,16
27,55000,2
32,145000,9
29,75000,4
33,135000,9
27,80000,3
36,185000,13
25,60000,1
30,95000,5
34,170000,12
28,65000,3
32,120000,7
24,25000,0
38,195000,14
40,215000,16
27,55000,2
32,145000,9
29,75000,4
33,135000,9
27,80000,3
36,185000,13
25,60000,1
30,95000,5
34,170000,12
28,65000,3
32,120000,7
24,25000,0
38,195000,14
40,215000,16
27,55000,2
32,145000,9
29,75000,4
33,135000,9
27,80000,3
36,185000,13
25,60000,1
30,95000,5
34,170000,12
28,65000,3
32,120000,7
24,25000,0
38,195000,14
40,215000,16
26,75000,2
39,185000,14
32,120000,7
28,60000,3
35,145000,10
29,75000,4
33,135000,8
27,70000,2
36,175000,12
24,28000,0
38,195000,14
40,215000,16
27,55000,2
32,145000,9
29,75000,4
33,135000,9
27,80000,3
36,185000,13
25,60000,1
30,95000,5
34,170000,12
28,65000,3
32,120000,7
24,25000,0
38,195000,14
40,215000,16
27,55000,2
32,145000,9
29,75000,4
33,135000,9
27,80000,3
36,185000,13
25,60000,1
30,95000,5
34,170000,12
28,65000,3
32,120000,7
24,25000,0
38,195000,14
40,215000,16
27,55000,2
32,145000,9
29,75000,4
33,135000,9
27,80000,3
36,185000,13
25,60000,1
30,95000,5
34,170000,12
28,65000,3
32,120000,7
24,25000,0
38,195000,14
40,215000,16
27,55000,2
32,145000,9
29,75000,4
33,135000,9
27,80000,3
36,185000,13
25,60000,1
30,95000,5
34,170000,12
28,65000,3
32,120000,7
24,25000,0
38,195000,14
40,215000,16
27,55000,2
32,145000,9
29,75000,4
33,135000,9
27,80000,3
36,185000,13
25,60000,1
30,95000,5
34,170000,12
28,65000,3
32,120000,7
24,25000,0
38,195000,14
40,215000,16
27,55000,2
32,145000,9
29,75000,4
33,135000,9
27,80000,3
36,185000,13
25,60000,1
30,95000,5
34,170000,12
28,65000,3
32,120000,7
24,25000,0
38,195000,14
40,215000,16
27,55000,2
32,145000,9
29,75000,4
33,135000,9
27,80000,3
36,185000,13
25,60000,1
30,95000,5
34,170000,12
28,65000,3
32,120000,7
24,25000,0
38,195000,14
40,215000,16
27,55000,2
32,145000,9
29,75000,4
33,135000,9
27,80000,3
36,185000,13
25,60000,1
30,95000,5
34,170000,12
28,65000,3
32,120000,7
24,25000,0
38,195000,14
40,215000,16
27,55000,2
32,145000,9
29,75000,4
29,45000,2
45,80000,8
37,90000,7
23,35000,1
41,120000,12
26,60000,4
33,70000,5
28,40000,3
50,150000,15
35,35000,2
42,130000,13
27,35000,1
48,180000,18
31,60000,4
36,75000,6
25,50000,3
39,100000,10
30,40000,2
44,110000,11
29,55000,4
47,170000,17
32,40000,3
38,95000,9
24,35000,1
40,140000,14
34,70000,5
26,50000,3
31,75000,6
27,40000,2
43,120000,12
28,40000,2
46,160000,16
33,55000,4
39,100000,10
25,35000,1
41,80000,8
35,90000,7
23,35000,1
42,130000,13
26,60000,4
32,70000,5
27,40000,3
50,150000,15
36,35000,2
48,180000,18
31,40000,2
29,75000,6
45,120000,12
25,50000,3
37,90000,7
23,35000,1
41,110000,11
26,45000,3
33,70000,5
28,30000,1
42,130000,13
27,60000,4
50,150000,15
35,80000,8
24,35000,1
46,160000,16
29,40000,2
47,170000,17
31,40000,3
38,95000,9
25,35000,1
39,100000,10
33,70000,5
27,50000,3
43,120000,12
28,40000,2
31,50000,3
46,140000,14
27,40000,2
38,100000,10
24,30000,1
33,75000,6
29,40000,2
50,180000,18
35,80000,8
23,35000,1
41,120000,12
26,45000,3
32,90000,7
27,55000,4
43,160000,16
28,40000,2
47,170000,17
31,40000,3
38,95000,9
25,35000,1
39,110000,11
33,75000,6
27,50000,3
43,120000,12
28,40000,2
50,150000,15
36,70000,5
48,190000,19
31,40000,3
29,75000,6
45,140000,14
25,35000,1
41,120000,12
35,80000,8
23,35000,1
42,130000,13
26,40000,2
32,90000,7
27,55000,4
50,180000,18
36,45000,3
48,190000,19
31,50000,3
29,55000,4
45,130000,13
25,35000,1
41,120000,12
35,95000,9
23,35000,1
42,140000,14
26,40000,2
32,80000,8
27,55000,4
50,190000,19
36,75000,6
48,170000,17
31,50000,3
29,55000,4
45,130000,13
25,35000,1
41,120000,12
35,95000,9
23,35000,1
42,140000,14
26,40000,2
32,80000,8
27,55000,4
50,190000,19
36,75000,6
48,170000,17
31,50000,3
29,55000,4
45,130000,13
25,35000,1
41,120000,12
35,95000,9
23,35000,1
42,140000,14
26,40000,2
32,80000,8
27,55000,4
50,190000,19
36,75000,6
48,170000,17
31,50000,3
29,55000,4
45,130000,13
25,35000,1
41,120000,12
35,95000,9
23,35000,1
42,140000,14
26,40000,2
32,80000,8
27,55000,4
50,190000,19
36,75000,6
48,170000,17
31,50000,3
29,55000,4
45,130000,13
25,35000,1
41,120000,12
35,95000,9
23,35000,1
42,140000,14
26,40000,2
32,80000,8
27,55000,4
50,190000,19
36,75000,6
48,170000,17
31,50000,3
29,55000,4
45,130000,13
25,35000,1
41,120000,12
35,95000,9
23,35000,1
42,140000,14
26,40000,2
32,80000,8
27,55000,4
50,190000,19
36,,6
37,110000,11
26,40000,2
42,150000,15
33,55000,4
29,70000,5
45,160000,16
24,35000,1
39,100000,10
31,90000,7
27,50000,3
43,140000,14
28,40000,2
50,180000,18
35,90000,7
23,35000,1
41,120000,12
26,45000,3
32,80000,8
27,55000,4
50,180000,18
36,75000,6
48,190000,19
31,40000,3
29,70000,5
45,150000,15
25,35000,1
41,120000,12
35,80000,8
23,35000,1
42,130000,13
26,40000,2
32,90000,7
27,55000,4
50,180000,18
36,45000,3
48,190000,19
31,50000,3
29,55000,4
45,130000,13
25,35000,1
41,120000,12
35,95000,9
23,35000,1
42,140000,14
26,40000,2
32,80000,8
27,55000,4
50,190000,19
36,75000,6
48,170000,17
31,50000,3
29,55000,4
45,130000,13
25,35000,1
41,120000,12
35,95000,9
23,35000,1
42,140000,14
26,40000,2
32,80000,8
27,55000,4
50,190000,19
36,75000,6
48,170000,17
31,50000,3
29,55000,4
45,130000,13
25,35000,1
41,120000,12
35,95000,9
23,35000,1
42,140000,14
26,40000,2
32,80000,8
27,55000,4
50,190000,19
36,75000,6
48,170000,17
31,50000,3
29,55000,4
45,130000,13
25,35000,1
41,120000,12
35,95000,9
23,35000,1
42,140000,14
26,40000,2
32,80000,8
27,55000,4
50,190000,19
36,75000,6
48,170000,17
31,50000,3
29,55000,4
45,130000,13
25,35000,1
41,120000,12
35,95000,9
23,35000,1
42,140000,14
26,40000,2
32,80000,8
27,55000,4
50,190000,19
36,75000,6
48,170000,17
31,50000,3
29,55000,4
45,130000,13
25,35000,1
41,120000,12
35,95000,9
23,35000,1
42,140000,14
26,40000,2
32,80000,8
27,55000,4
50,190000,19
36,75000,6
48,170000,17
31,50000,3
29,55000,4
45,130000,13
25,35000,1
38,120000,12
27,45000,3
43,160000,16
34,70000,5
30,75000,6
46,170000,17
25,35000,1
40,110000,11
32,80000,8
28,55000,4
44,150000,15
29,40000,2
51,190000,19
36,80000,8
24,35000,1
42,130000,13
27,45000,3
33,90000,7
28,55000,4
51,190000,19
37,90000,7
49,200000,20
32,40000,3
30,70000,5
46,160000,16
26,35000,1
42,130000,13
36,95000,9
24,35000,1
43,140000,14
27,40000,2
33,90000,7
28,55000,4
51,190000,19
37,75000,6
49,200000,20
32,50000,3
30,55000,4
46,140000,14
26,35000,1
42,130000,13
36,100000,10
24,35000,1
43,150000,15
27,40000,2
33,80000,8
28,55000,4
51,190000,19
37,90000,7
49,200000,20
32,40000,3
30,70000,5
46,160000,16
26,35000,1
42,130000,13
36,95000,9
24,35000,1
43,140000,14
27,40000,2
33,90000,7
28,55000,4
51,190000,19
37,75000,6
49,200000,20
32,50000,3
30,55000,4
46,140000,14
26,35000,1
42,130000,13
36,100000,10
24,35000,1
43,150000,15
27,40000,2
33,80000,8
28,55000,4
51,190000,19
37,90000,7
49,200000,20
32,40000,3
30,70000,5
46,160000,16
26,35000,1
42,130000,13
36,95000,9
24,35000,1
43,140000,14
27,40000,2
33,90000,7
28,55000,4
51,190000,19
37,75000,6
49,200000,20
32,50000,3
30,55000,4
46,140000,14
26,35000,1
42,130000,13
36,100000,10
24,35000,1
43,150000,15
27,40000,2
33,80000,8
28,55000,4
51,190000,19
37,90000,7
49,200000,20
32,40000,3
30,70000,5
46,160000,16
26,35000,1
42,130000,13
36,95000,9
24,35000,1
43,140000,14
27,40000,2
33,90000,7
28,55000,4
51,190000,19
37,75000,6
49,200000,20
32,50000,3
30,55000,4
46,140000,14
26,35000,1
